Article,Word,Englisch,PT
das,Papier,paper,papel
der,Abflug,departure,partida
der,Abflugort,Departure,Partida
das,Abitur,High School,Ensino médio
die,Abrechnung,invoice,fatura
der,Abschluss,diploma,diploma
die,Abschlussprüfung,final exam,exame final
der,Abstand,distance,distância
das,Addressbuch,Address book,Livro de endereços
die,Ahnung,idea,ideia
der,Akku-Bohrer,Battery drill,Broca de bateria
der,Alarm,alarm,alarme
der,Alkohol,alcohol,álcool
das,Alter,age,era
die,Altstadt,Old town,Cidade antiga
der,Anfang,Beginning,Começo
die,Anfrage,inquiry,investigação
die,Angst,anxiety,ansiedade
der,Anhang,attachment,acessório
der,Animationsfilm,Animation film,Filme de animação
der,Anruf,Call,Ligar
die,Anschrift,address,Morada
die,Antwort,answer,responder
die,App,App,Aplicativo
die,Arbeitslosenversicherung,unemployment insurance,seguro desemprego
der,Arbeitsmarket,Labor market,Mercado de trabalho
die,Arbeitspause,Break,Pausa
der,Arbeitsplan,work schedule,horário de trabalho
der,Arbeitsplatz,Workplace,Local de trabalho
die,Arbeitssuche,Job search,Procura de emprego
das,Arbeitsverhalten,Work behavior,Comportamento de trabalho
der,Arbeitsvertrag,employment contract,contrato de emprego
das,Arbeitszimmer,Workspace,Área de trabalho
das,Architekturbüro,architecture office,escritório de arquitetura.
die,Arztpraxis,doctor's office,consultório médico
der,Arzttermin,medical appointment,consulta médica
der,Aufenthalt,stay,fique
der,Auftrag,assignment,atribuição
die,Ausbildung,education,Educação
das,Ausbildungsangebot,Training offer,Oferta de treinamento
das,Ausbildungsjahr,Year,Ano
der,Ausbildungsplatz,apprenticeship,aprendizagem
das,Ausflugsziel,Destination,Destino
die,Ausgabe,output,saída
der,Aushang,Notice,Perceber
die,Aushilfe,Assistance,Assistência
die,Auskunft,information desk,balcão de informações
die,Aussprache,pronunciation,pronúncia
der,Austausch,exchange,intercâmbio
der,Ausweis,ID card,carteira de identidade
die,Auszahlung,Payment,Pagamento
die,Autoanmeldung,Car registration,Registro de carro
die,Autobahn,Highway,Rodovia
der,Autokonzern,Autocracle,Autocracle.
das,Automatikprogramm,Automatic program,Programa Automático
die,Autopanne,Carpenter,Carpinteiro
der,Autoreifen,car tire,Pneu de carro
der,Autounfall,car accident,acidente de carro.
die,Autowerkstatt,Car repair shop,Loja de reparação de carros
das,Baby,infant,infantil
die,Babypause,Baby break,Baby Break.
der,Babysitter,baby-sitter,babá
der,Bahnsteig,platform,plataforma
das,Basilikum-Pesto,Basil pesto,Pesto de Manjericão
die,Batterie,battery,bateria
das,Bauamt,Building office,Escritório de construção
der,Bauchtanz,Belly dance,Dança do ventre
der,Baumarkt,Hardware store,Loja de Hardware.
die,Bedingung,condition,doença
die,Begegnung,encounter,encontro
die,Behinderung,disability,incapacidade
das,Behördendeutsch,Publicity,Publicidade
der,Beipackzettel,Leaflet,Folheto
der,Bekanntenkreis,Circle,Círculo
die,Beratung,advisory,consultivo
der,Bereich,area,área
der,Bericht,report,relatório
der,Berufsabschluss,Career,Carreira
die,Berufschance,Career opportunity,Oportunidade de carreira
die,Beschwerde,complaint,reclamação
die,Besprechung,meeting,encontro
der,Betreff,reference,referência
die,Betreuung,maintenance,manutenção
der,Betriebsrat,works Council,Comissão de Trabalhadores
die,Betriebsversammlung,Business meeting,Reunião de negócios
die,Bewegung,Move,Mover
die,Bewerbung,application,aplicativo
das,Bewerbungsfoto,Application photo,Foto de aplicativo.
das,Bewerbungsgespräch,Job Interview,Entrevista de emprego
das,Bewerbungsschreiben,letter of application,carta de candidatura
die,Bezahlung,pay,pagar
die,Bildung,education,Educação
die,Biologie,biology,biologia
der,Blumenstrauß,Bunch of flowers,Ramo de flores
das,Blut,blood,sangue
der,Blutdruck,Blood pressure,Pressão sanguínea
der,Blutwert,Bleeding,Sangramento
der,Boden,floor,piso
die,Brandsalbe,Fire ointment,Pomada de fogo
die,Braut,bride,noiva
der,Bräutigam,groom,noivo
das,Brautkleid,wedding dress,vestido de casamento
das,Brautpaar,Bridal,Nupcial
die,Breite,broad,Largo
die,Briefstasche,Letter bag,Saco de letra.
die,Broschüre,brochure,folheto
die,Buchhaltung,accounting,contabilidade
die,Buchung,booking,reserva
die,Burg,Castle,Castelo
der,Büroschlüssel,Office key,Chave de escritório
der,Campingplatz,campsite,acampamento
das,Chaos,chaos,caos
die,Chemie,chemistry,química
der,Cholesterinwert,Cholesterol,Colesterol
das,Computerprogramm,Computer program,Programa de computador.
die,Datei,file,Arquivo
die,Dauer,duration,duração
der,Dauerauftrag,Standing Order,Ordem permanente
die,Decke,ceiling,teto
das,Desinfektionsmittel,Disinfectant,Desinfetante
die,Deutschkenntnisse,German language skills,Habilidades de língua alemã
die,Digitalkamera,Digital camera,Câmera digital
das,Ding,thing,coisa
das,Diplom,diploma,diploma
die,Disco,Disco,Discoteca
der,Dokumentarfilm,documentary,documentário
die,Doppelstunde,Double-hour,Duplo hora
der,Drucker,printer,impressora
der,Dübel,Dowel,Dowel.
der,Durchfall,diarrhea,diarréia
der,Durchschnitt,average,média
die,Durchwall,Throughout,Ao longo
die,DVD,DVD,DVD
das,E-Book,E-book,E-book.
die,Ehefrau,wife,esposa
der,Ehemann,husband,marido
die,Eigenschaft,characteristic,característica
die,Einbauküche,Equipped kitchen,Cozinha equipada
die,Einkaufsstraße,shopping street,rua comercial
die,Einnahme,Taking,Tirando
der,Einstieg,Started,Iniciado
die,Einzahlung,Deposit,Depósito
der,Elternabend,Parent evening,Noite pai
das,E-Mail-Programm,E-mail program,Programa de e-mail
die,E-Mail,e-mail,o email
das,Ende,end,fim
die,Energie,energy,energia
die,Energieeffizienz,Energy efficiency,Eficiência energética
die,Entspannung,Relaxation,Relaxamento
die,Erdkunde,Geography,Geografia
der,Erfolg,success,sucesso
das,Ergebnis,Result,Resultado
die,Erinnerung,reminder,lembrete
das,Erlebnis,adventure,aventura
die,Ernährung,nourishment,nutrição
die,Erste-Hilfe,First aid,Primeiros socorros
das,Erste-Hilfe-Zentrum,First aid center,Centro de primeiros socorros
das,Esszimmer,dining room,sala de jantar
die,Existenz,existence,existência
der,Existenzgründerkurs,Business start,Início de negócios
das,Fach,subject,sujeito
das,Fachabitur,Qualification,Qualificação
die,Fachhochschule,University of Applied Sciences,Universidade de Ciências Aplicadas
die,Fachoberschule,Subject,Sujeito
die,Fachrichtung,specialization,especialização
die,Fähigkeit,capability,capacidade
die,Fahrradstadt,Bicycle city,Cidade de bicicleta
der,Fahrradweg,Bicycle path,Ciclovia
das,Familienmitglied,family member,membro da família
der,Familientag,Family day,Dia da família
der,Familienwagen,Family car,Carro da família
die,Fantasie,fantasy,fantasia
der,Farbroller,Paint roller,Rolo de pintura
der,Fehler,failure,fracasso
der,Feiertag,holiday,feriado
der,Fernsehabend,TV evening,Noite de tv.
das,Fernsehen,TV,televisão
das,Fernsehprogramm,Television program,Programa de televisão
der,Festtag,Holiday,Feriado
das,Fett,fat,gordura
das,Feuerwerk,Fireworks,Fogos de artifício
das,Fieberthermometer,Fever thermometer,Termômetro de febre
die,Finanzierung,financing,financiamento
das,Firmenjubiläum,Company anniversary,Aniversário da empresa
die,Firmenkantine,Company edge,Borda da empresa
die,Fischspezialität,Fishpitality,Fishpitality.
das,Fitnesscenter,Fitness center,Academia
das,Fitnessstudio,Gym,Academia
der,Fleischersatz,Meat,Eu no
die,Fliese,tile,telha
das,Flüchtlingsheim,Refugee home,Casa de refugiados
der,Flug,flight,voo
das,Flugticket,Plane ticket,Passagem de avião
die,Förderschule,special school,Escola Especial
die,Förderung,advancement,avanço
die,Formularhilfe,Form help,Ajuda de forma
die,Fortbildung,Training,Treinamento
die,Fortbildungsmöglichkeit,Training opportunity,Oportunidade de treinamento
die,Fotografie,photography,fotografia
der,Fragebogen,questionnaire,questionário
die,Frauenfreundschaft,Female friendship,Amizade feminina
die,Frauengruppe,Female group,Grupo feminino
der,Freitagvormittag,Friday morning,sexta-feira de manhã
die,Fremdsprache,foreign language,lingua estrangeira
die,Freundschaft,Friendship,Amizade
die,Freundschaftsgeschichte,Friendship History,História da amizade
der,Freundschaftsverein,Friendship,Amizade
die,Früherkennung,early detection,detecção precoce
der,Fußballverein,Soccer club,Clube de futebol
die,Gabel,fork,garfo
die,Garantie,guarantee,garantia
der,Garantieschein,Warranty,garantia
das,Gästezimmer,Guest room,Quarto de hóspedes
der,Gebrauchtwagen,used cars,carros usados
die,Geburt,birth,nascimento
das,Geburtshaus,Birthplace,Local de nascimento.
der,Geburtstag,date of birth,data de nascimento
der,Gedanke,thought,pensei
das,Gedicht,poem,poema
das,Gehalt,salary,salário
die,Geheimnummer,Secret number,Número secreto
das,Gerät,device,dispositivo
die,Gerechtigkeit,Justice,Justiça
das,Gericht,court,Tribunal
die,Gesamtschule,comprehensive school,escola compreensiva
der,Gesangsverein,Singing club,Cantando clube
das,Geschäftskonto,Business account,Conta de negócios
die,Geschäftsreise,Business trip,Viagem de negócios
das,Geschenk,gift,Presente
die,Geschichte,story,história
das,Geschirr,dishes,pratos
das,Gesprächsthema,Topic,Tema
der,Gesundheits-Check,Health check,Exame de saúde
die,Gesundheitsuntersuchung,Health investigation,Investigação de saúde
der,Getränkeautomat,Vending machine,Maquina de vendas
das,Getreideprodukt,Cereal,Cereal
das,Gewerbeamt,commercial office,escritório comercial.
das,Gewitter,thunderstorm,trovoada
das,Girokonto,checking account,conta corrente
die,Gitarre,guitar,violão
der,Glückwunsch,congratulation,Parabéns
die,Glückwunschkarte,greeting card,Cartão
die,Grammatik,grammar,gramática
die,Grammatikregel,Grammar rule,Regra de gramática
der,Grund,reason,razão
die,Grundregel,Rule,Regra
die,Grundschule,primary school,escola primária
die,Gruppe,group,grupo
die,Gruppenarbeit,work in groups,trabalho em grupos
der,Gutschein,coupon,cupom
das,Gymnasium,high school,ensino médio
die,Haftpflichtversicherung,Liability insurance,Seguro de responsabilidade
das,Halbjahr,Half-year,Meio ano
der,Hammer,hammer,martelo
das,Handtuch,hand towel,toalha de mão
der,Hauptschulabschluss,Hauptschulabschluss,Hauptschulabschluss.
die,Hauptschule,secondary schools,escolas secundárias
die,Hauptspeise,main course,Prato principal
die,Hausapotheke,Homepathe,Homepathe
die,Hausaufgabenhilfe,Homework help,Ajuda do dever de casa
der,Haushalt,household,doméstico
der,Hausmüll,Household waste,Lixo doméstico
die,Hausratversicherung,Household insurance,Seguro doméstico
das,Haustier,domestic animal,animal doméstico
das,Heim,home,casa
der,Heimatverein,Home club,Clube Home
der,Heimverkerkurs,Home crowd,Multidão em casa
die,Hilfe,help,ajuda
der,Himmel,sky,céu
der,Hinflug,Outward flight,Voo externo
die,Hochzeitsfeier,wedding party,festa de casamento
die,Hochzeitskleidung,Wedding clothing,Roupa de casamento
der,Hochzeitstag,wedding day,dia do casamento
die,Hochzeitstorte,wedding cake,bolo de casamento
die,Höhe,height,altura
der,Humor,humor,humor
die,Hütte,hut,cabana
die,Immobilie,Property,Propriedade
die,Information,information,em formação
die,Initiativbewerbung,initiative application,Aplicação de iniciativa
die,Innenstadt,Downtown,Centro da cidade
die,Insel,Island,ilha
die,Institution,institution,instituição
das,Interesse,interest,interesse
die,Internetseite,Website,Local na rede Internet
der,Internetzugang,Internet access,Acesso à internet
der,Job,job,trabalho
das,Jubiläum,anniversary,aniversário
die,Jugend,youth,Juventude
der,Kaffeeautomat,Coffee machine,Máquina de café
die,Kaffeekanne,Coffee pot,Pote de café
die,Kaligraphie,Caligraphy,Caligrafia
die,Kaltmiete,Cold rent,Aluguer frio
die,Kamera,camera,Câmera
die,Kapazität,capacity,capacidade
der,Karnevalsverein,Carnival club,Clube de Carnaval
die,Karteikarte,index card,cartão de índice
die,Kartoffelsuppe,Potato soup,Sopa de batata
der,Katalog,Catalog,Catálogo
die,Katze,cat,gato
die,Kaution,deposit,depósito
die,Kerze,candle,vela
die,Kette,chain,cadeia
die,Kfz-Versicherung,Car insurance,Seguro de automóvel
der,Kilometer,kilometre,quilômetro
die,Kindersendung,Child's program,Programa da criança
das,Kinderzimmer,nursery,berçário
der,Kiosk,kiosk,quiosque
die,Klasse,Great,Excelente
die,Klassenarbeit,Class,Classe
die,Klassenfahrt,school trip,viagem escolar
die,Klassenkasse,Classkash,Classkash.
die,Klavierbegleitung,Piano accompaniment,Acompanhamento de piano
der,Kleingartenverein,Gardening,Jardinagem
der,Kleinwagen,Small car,Carro pequeno
die,Kochidee,Cookie,Biscoito
der,Kochkurs,Cooking class,Aula de culinária
der,Koffer,suitcase,mala
das,Komma,comma,vírgula
das,Konto,account,conta
die,Kontogebühr,Account fee,Taxa da conta
der,Kopfhörer,headphones,fones de ouvido
die,Kopie,Copy,cópia de
der,Kopierer,copier,copiadora
der,Körper,body,corpo
die,Krankenverischerung,Sickness,Doença
der,Krankenwagen,ambulance,ambulância
die,Krankheit,illness,doença
die,Kreativität,creativity,criatividade
der,Kredit,credit,crédito
die,Kreditkarte,Credit card,Cartão de crédito
die,Krimiserie,Crime series,Série do crime
die,Küchenhilfe,Kitchen Help,Ajuda da cozinha
das,Küchenstudio,Kitchen studio,Estúdio de cozinha
das,Kühlregal,Cooling shelf,Prateleira de refrigeração
das,Kundententrum,Client,Cliente
die,Kunst,Arts,Artes.
der,Kurs,course,curso
das,Kursangebot,Course,Curso
das,Kurzprogramm,Short program,Programa curto
die,Küste,coast,costa
die,Laboruntersuchung,Laboratory investigation,Investigação de laboratório
das,Ladekabel,Charging cable,Cabo de carregamento
die,Lage,location,localização
das,Laminat,Laminate,Laminado
die,Langeweile,boredom,tédio
das,Lebensjahr,age,era
der,Lebenslauf,curriculum vitae,curriculum vitae
die,Leiter,ladder,escada
der,Leitpfosten,Lead,Liderar
die,Lernkarte,Learning card,Cartão de aprendizagem
die,Liebe,love,amar
das,Lieblingsfach,favorite subject,assunto favorito
das,Lieblingsspiel,favourite game,Jogo favorito
das,Lied,song,música
der,Löffel,spoon,colher
die,Lohnsteuerhilfe,Payroll,Folha de pagamento
das,Lokal,Local,Local
die,Luft,air,ar
der,Magen,stomach,estômago
die,Männerfreundschaft,Male friendship,Amizade masculina
die,Maschine,machine,máquina
der,Maschinenbaun,Mechanical engineer,Engenheiro mecânico
das,Maß,Measurement,Medição
die,Massage,massage,massagem
der,Massagestuhl,Massage chair,Cadeira de massagem
die,Mathematik,mathematics,matemática
die,Mediennutzung,Media usage,Uso da mídia.
das,Medium,medium,médio
die,Medizin,medicine,Medicina
die,Meinung,opinion,opinião
das,Messer,knife,faca
das,Milchprodukt,Milk product,Produto do leite
die,Million,million,milhão
die,Minijob-Basis,Mini job basis,Mini base de emprego
das,Mitglied,member,membro
der,Mitgliedsbeitrage,Member contribution,Contribuição de membros
die,Mitteilung,Message,Mensagem
die,Möglichkeit,opportunity,oportunidade
das,Museum,museum,museu
der,Musikfreund,Music friend,Amigo de música.
der,Musikschulverein,Music school,Escola de música
der,Musikverein,music Society,Sociedade de Música.
der,Muskel,muscle,músculo
das,Muskeltraining,Muscle,Músculo
der,Mut,courage,coragem
die,Nachbarschaft,neighborhood,vizinhança
das,Nachbarschaftshaus,Neighborhood house,Casa de bairro
die,Nachhilfe,tutoring,tutoria
die,Nachricht,news,notícia
die,Nachspeise,dessert,sobremesa
der,Nagel,nail,unha
der,Nähabend,Sewing,De costura
das,Nahrungsmittel,food,Comida
die,Nebenwirkung,side effect,efeito colateral
das,Netzwerk,network,rede
das,Neujahr,New Year,Ano Novo
der,Neuwagen,New car,Carro novo
die,Nichte,niece,sobrinha
die,Not,Emergency,Emergência
der,Notarztwagen,emergency,emergência
die,Note,grade,grau
die,Notrufsäule,Emergency call,Ligação de emergência
die,Notrufzentrale,Emergency call center,Centro de Chamada de Emergência
die,Nutzungsdauer,Useful life,Vida útil
der,Oberkörper,upper body,tronco
der,Obstkorb,Fruit basket,Cesto de frutas
der,Ohrring,Earring,Brinco
die,Online-Anmeldung,Online registration,Registro online
das,Online-Banking,Online Banking,Acesso a operações bancárias via Internet
das,Online-Spiel,Online game,Jogo online
die,Online-Überweisung,Online transfer,Transferência Online.
die,Option,option,opção
der,Ordner,folder,pasta
die,Ordnung,order,pedido
der,Pannendienst,Spanning service,Spanning Service.
das,Parfüm,Perfume,Perfume
die,Partei,Political party,Partido politico
das,Passwort,password,senha
die,Pausenregel,Pause rule,Pause Regra.
der,Personenbeförderungsschein,Passenger transport certificate,Certificado de transporte de passageiros
der,Pfiff,whistle,apito
das,Pflaster,band Aid,curativo
der,Pflegedienst,Nursing,Enfermagem
die,Physik,physics,física
die,PIN,pin code,Código PIN.
das,Pinsel-Set,Brush set,Pincel Set.
die,Pinzette,tweezers,pinças
der,Pizzaservice,Pizza service,Serviço de pizza.
die,Pizzeria,pizzeria,pizzaria
das,Plakat,poster,poster
die,Platzreservierung,Area reservation,Reserva de área
die,Politik,politics,política
das,Portemonnaie,Wallet,Carteira
der,Posteingang,inbox,caixa de entrada
das,Poster,poster,poster
das,Praktikum,internship,estágio
die,Praline,Praline,Praline.
die,Präsentation,presentation,apresentação
das,Privatkonto,Private account,Conta privada
das,Privatleben,Private life,Vida privada
die,Privatschule,Private school,Escola particular
das,Projekt,Project,Projeto
der,Prospekt,brochure,folheto
das,Prozent,percent,por cento
die,Prüfung,test,teste
die,Quittung,receipt,recibo
das,Quiz,quiz,questionário
das,Rad,wheel,roda
der,Radweg,Bike path,Ciclovia
der,Rasierapparat,razor,navalha
der,Raum,space,espaço
die,Realschule,secondary school,Ensino Médio
die,Rechnung,invoice,fatura
die,Rechtsberatung,Legal advice,Aconselhamento jurídico
die,Rechtsschutzversicherung,Legal protection insurance,Seguro de Proteção Legal.
das,Reinigungsunternehmen,Cleaning company,Companhia de Limpeza
der,Reisebus,Coach,Treinador
das,Reisedokument,Travel document,Documento de viagem
der,Reiseführer,travel Guide,guia de viagem
die,Reiseplanung,Travel planning,Planejamento de viagens
die,Reisezeit,Travel time,Tempo de viagem
das,Reiseziel,holiday destination,destino de férias
die,Reklamation,claim,alegar
die,Renovierung,renovation,renovação
die,Rentenversicherung,pension insurance,seguro de pensão
die,Reparatur,repair,reparar
der,Richtunspfeil,Directional index,Índice Direcional
das,Rollenmaß,Roll,Lista
die,Rose,rose,Rosa
der,Rückflug,Return flight,Vôo de retorno
der,Rucksack,backpack,mochila
die,Ruhe,Quiet,Quieto
der,Rundfunkbeitrag,Broadcasting contribution,Contribuição de radiodifusão
der,Rundgang,tour,percorrer
die,Salbe,ointment,pomada
der,Sand,sand,areia
der,Satz,sentence,frase
die,Säule,pillar,pilar
die,Schachtel,box,caixa
der,Schaden,damage,dano
der,Schalter,counter,contador
die,Schere,scissors,tesoura
die,Schichtarbeit,shift work,trabalho por turnos
der,Schlafsack,Sleeping bag,Saco de dormir
der,Schleier,veil,véu
das,Schmerzmittel,Painkiller,Analgésico
der,Schmuck,Jewellery,Jóias
das,Schnitzel,cutlet,costoleta
die,Schraube,screw,parafuso
der,Schritt,step,Passo
der,Schulabschuss,Loan,Empréstimo
die,Schulbildung,Education,Educação
das,Schulbuch,Textbook,Livro didático
der,Schulhof,Schoolhouse,Escola
das,Schuljahr,school year,ano escolar
die,Schulkantine,Schoolcartine,Schoolcartine.
die,Schulpflicht,Compulsory,Obrigatório
das,Schulsystem,school-system,sistema escolar
der,Schulweg,way to school,caminho para a escola
die,Schulzeit,schooldays,dias escolares
der,Schutz,protection,proteção
das,Schwarze Brett,Black board,Quadro-negro
der,Schwerpunkt,main emphasis,Ênfase principal.
der,Schwimmunterricht,swimming lessons,aulas de natação
die,Selbständigkeit,independence,independência
die,Sendung,broadcast,transmissão
der,Seniorentreff,Senior,Senior
die,Serie,series,Series
der,Service,service,serviço
die,Servicekraft,Service,Serviço
die,Serviette,napkin,guardanapo
der,Singkreis,Portion,Parte
der,Sinn,sense,senso
das,Skigebiet,Ski Area,Área de esqui
die,Sofortmaßnahme,Immediate action,Ação imediata
die,Software,software,Programas
das,Softwareprogamm,SoftwareProgamm,Softwareprogamm.
die,Solidarität,solidarity,solidariedade
der,Sondertarif,Special tariff,Tarifa especial
die,Sonnenbrille,sunglasses,oculos escuros
die,Sonnencreme,suncream,protetor solar
der,Sonnenhut,Sunshade,Guarda-sol
der,Sonnenschirm,parasol,guarda-sol.
der,Sonntagabend,Sunday evening,Domingo à noite
die,Sorge,worries,Preocupações
die,Sozialberatung,Social counseling,Aconselhamento Social
das,Sozialverhalten,Social behavior,Comportamento social
die,Spedition,carrier,operadora
das,Spiel,game,jogos
der,Spielfilm,motion pictures,imagens de movimento
die,Sportsendung,Sports show,Show de esportes
der,Sportunterricht,Sports lessons,Lições esportivas
der,Sportverein,Sports club,Clube de esportes
der,Sportwagen,Sports car,Carro esportivo
der,Sprachkurs,Language course,Curso de linguagem
das,Sprichwort,saying,dizendo
die,Spritze,syringe,seringa
der,Spruch,Saying,Dizendo
der,Stadtteil,district,distrito
die,Stadtverwaltung,City administration,Administração da cidade
das,Stadtzentrum,City center,Centro da cidade
der,Stand,was standing,estava em pé
die,Standmiete,Stand rental,Aluguer de carrinho
die,Start-Taste,Start button,Botão de início
der,Stau,traffic jam,engarrafamento
der,Staubsauger,vacuum cleaner,aspirador de pó
das,Stellenangebot,Job offer,Oferta de emprego
die,Stimmung,mood,humor
die,Störung,disturbance,perturbação
die,Strafe,penalty,pena
der,Stress,stress,estresse
das,Stromkabel,Power cable,Cabo de energia
der,Studienplatz,Study place,Lugar de estudo
das,Studium,studies,estudos
der,Stundenplan,Timetable,Calendário
der,Sturm,storm,tempestade
der,Support,Support,"Apoio, suporte"
die,Tabellenkalkulation,Spreadsheet,Planilha
die,Talkshow,Talk show,Programa de entrevistas
die,Tanzfläche,dance floor,pista de dança
der,Tanzkurs,Dance course,Curso de dança
die,Tapete,wallpaper,papel de parede
der,Tarif,Tariff,Tarifa
das,Taschengeld,pocket money,mesada
die,Taste,button,botão
die,Tätigkeit,task,tarefa
die,Teamarbeit,Teamwork,Trabalho em equipe
die,Technik,technology,tecnologia
der,Teddybär,teddy bear,urso Teddy
die,Teilzeit,Part-time,Meio período
die,Teilzeitarbeit,part time jobs,trabalho de meio período
der,Telefonanbieter,Telephone service,Serviço de telefone
die,Telefonzentrale,Telephone center,Centro Telefônico
der,Teller,Plate,Placa
die,Tendenz,tendency,tendência
der,Tetanus,tetanus,tétano
die,Theatergruppe,Theater group,Grupo de teatro
das,Ticket,ticket,bilhete
die,Tiefe,depth,profundidade
die,Tierhaltung,livestock farming,pecuária agricultura
der,Tofu,tofu,tofu
die,Tonaufnahme,Sound recording,Gravação de som
das,Topangebot,Top offer,Top oferta
der,Tourismus,tourism,turismo
die,Tradition,tradition,tradição
der,TRansportwagen,Trolley,Carrinho
der,Traum,dream,Sonhe
die,Trauung,wedding,Casamento
das,Trinkgeld,Tip,Gorjeta
der,Turnverein,Gymnastics,Ginástica
der,Typ,Type,Modelo
die,Überraschung,surprise,surpresa
die,Überstunde,hour of overtime,hora de horas extras.
die,Übung,a practice,uma prática
die,Uhrzeit,time,Tempo
die,Umdrehung,revolution,revolução
die,Umgebung,Surroundings,Arredores
die,Universität,university,universidade
die,Universitätsstadt,University City,Cidade universitária.
die,Unterkunft,accommodation,alojamento
der,Urin,urine,urina
die,Urin-Untersuchung,Urine examination,Exame de urina
das,Urlaubsfoto,Holiday photo,Foto de férias
die,Urlaubsreise,Vacation trip,Viagem de férias
die,Ursache,root cause,causa raiz
die,Veranstaltung,event,evento
der,Verband,Association,Associação
der,Verein,society,sociedade
das,Vereinsleben,Club life,Vida do clube.
die,Verkehrsmeldung,Traffic report,Relatório de tráfego
der,Verkehrsverbund,Transport network,Rede de transporte
das,Versehen,Mistake,Erro
die,Versicherung,insurance,seguro
der,Verisucherungsschutz,Commercial protection,Proteção comercial
das,Vitamin,vitamin,Vitamina
die,Vollzeit,Full-time,Tempo total
die,Voraussetzung,pre-condition,condição prévia
der,Vorort,On site,No local
der,Vorschlag,proposal,proposta
die,Vorsorgeuntersuchung,Precautionary examination,Exame de precaução
die,Verspeise,Mesh,Malha
das,Vorstellungsgespräch,job interview,entrevista de emprego
der,Wagen,dare,Atreva-se
die,Wagenreparatur,Car repair,Reparo de carros
die,Wagentür,Wail door,Porta lasciva
das,Wahrzeichen,Landmark,Marco
die,Wandfarbe,Wall paint,tinta de parede
die,Wärme,warmth,cordialidade
die,Wäscherei,laundry,lavanderia
das,Wasserschloss,Water lock,Fechadura de água
das,WC,WC,banheiro
das,Webdesign,Webdesign,Designer de Web
die,Webseite,website,local na rede Internet
der,Wecker,alarm clock,despertador
die,Weihnachtszeit,Christmas time,época de Natal
der,Weißwein,White wine,vinho branco
die,Weiterbildung,further education,mais Educação
die,Welt,world,mundo
die,Werbung,advertising,anúncio
das,Werk,plant,plantar
der,Wetterbericht,Weather report,Previsão do tempo
die,Wochenendarbeit,Weekend work,Trabalho de fim de semana
der,Wochentag,weekday,Dia da semana
das,Wohlbefinden,Well-being,Bem-estar
die,Wohnungsbesichtigung,Housing visit,Visita da habitação.
das,Wort,word,palavra
das,Wunderkind,wonder child,Maravilha criança
das,Yoga,yoga,ioga
die,Zahlung,payment,Forma de pagamento
der,Zahn,tooth,dente
die,Zahnbürste,toothbrush,escova de dente
die,Zeitarbeitsfirma,Temporary employment agency,Agência de Emprego Temporário
die,Zeitschrift,magazine,revista
das,Zelt,time,Tempo
das,Zentrum,center,Centro
der,Zettel,note,Nota
das,Zeugnis,transcript,transcrição
die,Zielgruppe,target group,grupo alvo
der,Zwilling,twin,gêmeo
der,Abend,evening,noite
das,Abendessen,Dinner,Jantar
das,Abendkleid,Evening dress,Vestido de noite
der,Abendkurs,Evening course,Curso de noite
die,Abfahrt,Departure,Partida
die,Abkürzung,abbreviation,abreviação
der,Absender,sender,remetente
die,Abteilung,Department,Departamento
die,Addresse,Address,Endereço
der,Aktivurlaub,Active holiday,Feriado ativo
das,Alphabet,alphabet,alfabeto
die,Ampel,traffic light,semáforo
das,Amt,government office,escritório do governo
die,Anerkennung,recognition,reconhecimento
der,Anfang,Beginning,Começo
das,Angebot,offer,oferta
die,Ankunft,Arrivals,Chegadas
die,Anmeldebestätigung,Registration confirmation,Confirmação de registro
das,Anmeldeformular,registration form,formulário de registro
die,Anmeldung,Sign up,Inscrever-se
die,Anrede,salutation,saudação
die,Anreise,getting there,chegando la
der,Antrag,application,aplicativo
die,Anzahl,number,número
die,Anzeige,advertisement,propaganda
der,Anzug,men's suit,terno masculino
der,Apfel,Apple,maçã
der,Apfelsaft,Apple juice,suco de maçã
die,Apotheke,pharmacy,farmacia
der,Appetit,appetite,apetite
der,April,April,abril
die,Arbeit,job,trabalho
der,Arbeitsort,workplace,local de trabalho
die,Arbeitszeit,working time,expediente
der,Arm,poor,pobre
der,Artikel,items,Itens
der,Arztbesuch,Doctor's visit,Visita do médico
der,Asienladen,Asian shop,Loja asiática
die,Aufgabe,task,tarefa
der,Aufzug,elevator,elevador
das,Auge,eye,olho
der,August,August,agosto
der,Ausflug,side trip,viagem lateral
der,Ausgang,exit,saída
das,Ausland,foreign countries,países estrangeiros
das,Ausländeramt,foreign Office,Ministério das Relações Exteriores
die,Auslandsreise,foreign travel,viagem ao exterior
die,Aussicht,outlook,panorama
das,Auto,automobile,automóvel
das,Autokennzeichen,license plate,placa de carro
der,Automat,Machine,Máquina
der,Autoschlüssel,car key,Chave do carro
die,Babyhose,Baby pants,Calças de bebê
die,Babywasche,Babywash,Babywash.
der,Bäcker,Baker,padeiro
die,Backerei,Bakery,Padaria
das,Bad,bath,banho de banheira
der,Bademantel,bathrobe,roupão de banho
die,Bahncard,Bahncard,Bahncard.
der,Bahnhof,train station,estação de trem
der,Balkon,balcony,sacada
die,Banane,banana,banana
die,Bank,Bank,Banco
die,Bankverbindung,Bank details,detalhes bancários
der,Basketballverein,Basketball club,Clube de basquete
der,Bauch,belly,barriga
die,Bauchschmerzen,stomach pain,dor de estômago
der,Bauernhof,farm yard,quintal de fazenda
der,Baum,tree,árvore
die,Baustelle,Building site,Construindo um site
die,Behörde,authority,autoridade
das,Bein,leg,perna
das,Beispiel,example,exemplo
der,Berg,Mountain,Montanha
der,Beruf,job,trabalho
die,Berufsberatung,Career guidance,Orientação de carreira
der,Besuch,visit,Visita
der,Betreff,reference,referência
das,Bett,bed,cama
die,Bibliothek,library,biblioteca
das,Bier,beer,Cerveja
das,Bild,image,imagem
die,Birne,pear,pera
die,Bitte,You're welcome,De nada
der,Bleistift,pencil,lápis
der,Blog,Blog,Blog
die,Blume,flower,Flor
die,Bluse,blouse,blusa
der,Bonus,bonus,bônus
das,Bonusheft,Bonus book,Livro de bônus
die,Boutique,boutique,boutique.
die,Brille,glasses,copos
das,Brot,bread,pão
das,Brötchen,bun,bolo
die,Brücke,bridge,Ponte
der,Bruder,Brothers,Irmãos
der,Brunnen,Fountain,Fonte
das,Buch,a book,um livro
der,Buchstabe,Letter,Carta
das,Bürgeramt,citizen office,escritório de cidadão
der,Bürgersteig,sidewalk,calçada
das,Büro,office,escritório
der,Bus,bus,ônibus
die,Busreise,Bus trip,Viagem de ônibus
die,Butter,butter,manteiga
das,Café,Coffee shop,Cafeteria
der,Campingplatz,campsite,acampamento
die,CD,CD,CD
der,Cent,cent,cent.
die,Chance,chance,chance
die,Chips,crisps,crisps.
der,Club,Club,Clube
der,Computer,computer,computador
der,Computerkurs,Computer course,Curso de informática
das,Computerspiel,computer game,Jogo de computador.
der,Cousin,cousin,prima
die,Cousine,cousin,prima
das,Dachgeschoss,Attic,Sótão
der,Damenmantel,Lady's sheath,Bainha da senhora
der,Dank,thanks to,graças a
das,Datum,date,encontro
der,Deutschkurs,German course,curso de alemão
der,Dezember,December,dezembro
der,Dienstag,Tuesday,terça
der,Dienstagabend,Tuesday evening,Terça-feira à noite
der,Dienstagnachmittage,Tuesday afternoons,Terça-feira tardia
der,Dienstagvormittag,Tuesday morning,terça-feira de manhã
das,Ding,thing,coisa
der,Doktor,doctor,doutor
der,Donnerstag,Thursday,quinta-feira
das,Dorf,village,Vila
die,Dose,Tin,Lata
die,Drogerie,Drugstore,Farmácia
der,Durst,thirst,sede
die,EC-Karte,EC card,Cartão CE.
die,Ecke,corner,canto
das,Ei,egg,ovo
die,Eigentumswohnung,Condominium,Condomínio
die,Einbauküche,Equipped kitchen,Cozinha equipada
das,Einfamilienhaus,detached house,moradia
der,Eingang,entry,entrada
der,Einkauf,purchasing,compra
der,Einkaufszettel,Shopping list,Lista de compras
die,Einladung,invitation,convite
der,Einzug,Indent,Recuar
das,Eis,ice cream,sorvete
die,Eltern,parents,pais
die,E-Mail-Addresse,Email-address,Endereço de e-mail
die,Endstation,final destination,Destino final
der,Englischkurs,English course,curso de inglês
das,Enkelkind,Grandchild,Neto
die,Entschuldigung,Excuse me,Com licença
die,Erbse,pea,ervilha
das,Erdgeschoss,ground floor,térreo
die,Erholung,recreation,lazer
die,Erkältung,cold,frio
das,Erlebnis,adventure,aventura
das,Essen,eat,comer
die,Essenzeit,Eating time,Hora de comer
der,Euro,Euro,Euro
der,EU-Staat,EU state,Estado da UE.
der,Fahrgast,passenger,passageiro
die,Fahrkarte,ticket,bilhete
das,Fahrrad,bicycle,bicicleta
der,Fahrradraum,Bicycle room,Sala de bicicleta
die,Fahrt,journey,jornada
die,Familie,family,família
das,Familienfoto,Family photo,Foto de familia
die,Familienkasse,Family fund,Fundo Familiar
das,Familienleben,Family life,Vida familiar
der,Familienname,family name,sobrenome
der,Familienstand,marital status,Estado civil
die,Farbe,colour,cor
der,Februar,February,fevereiro
das,Fehlen,Miss,Senhorita
das,Fenster,window,janela
die,Ferienwohnung,Vacation rental,Aluguel de férias
der,Fernseher,TV,televisão
das,Fest,Fixed,Fixo
das,Festkomitee,Mental committee,Comitê Mental
das,Feuer,Fire,Incêndio
die,Feuerwehr,fire Department,corpo de Bombeiros
das,Fieber,fever,febre
das,Fieberthermometer,Fever thermometer,Termômetro de febre
der,Film,Movie,Filme
der,Finger,finger,dedo
die,Firma,company,empresa
der,Fisch,fish,peixe
die,Flasche,bottle,garrafa
das,Fleisch,meat,eu no
die,Fleischwurst,Meat,Eu no
der,Flohmarkt,flea market,Mercado de pulgas
der,Flughafen,airport,aeroporto
das,Flugzeug,plane,plano
der,Fluss,flow,fluxo
das,Formular,form,Formato
das,Foto,photo,foto
die,Frage,question,pergunta
die,Frau,Mrs,Sra
der,Freitag,Friday,sexta-feira
die,Freizeit,leisure,lazer
die,Frucht,fruit,fruta
der,Frühling,spring,Primavera
das,Früstück,Breakfast,Café da manhã
der,Führerschein,driver's license,carteira de motorista
die,Führerscheinprüfung,Driver's license,Carteira de motorista
der,Fuß,foot,pé
der,Fußball,Football,Futebol americano
das,Fußballtraining,Football training,Treino de futebol
der,Fußballverein,Soccer club,Clube de futebol
das,Fußballspiel,Football game,Jogo de futebol
die,Garage,garage,garagem
der,Garten,garden,Jardim
der,Gast,guest,hóspede
die,Gebühr,fee,taxa
das,Geburstdatum,Birth date,Data de nascimento
der,Geburstsort,Office location,Localização do escritório
die,Geburtsurkunde,Birth certificate,Certidão de nascimento
die,Gehaltsabrechnung,Salary settlement,Liquidação salarial
das,Geld,money,dinheiro
der,Geldautomat,Cash machine,Caixa eletrônico
die,Gemeinde,local community,comunidade local
das,Gemüse,vegetables,legumes
das,Geschäft,shop,fazer compras
die,Geschwister,brothers and sisters,irmãos e irmãs
das,Gespräch,conversation,conversação
die,Gesungheit,Sanctuary,Santuário
die,Gesundheitskarte,Healthcare card,Cartão de saúde
das,Getränk,drink,bebida
das,Glas,Glass,Copo
das,Glück,happiness,felicidade
der,Grad,Degree,Grau
das,Gramm,Gram,Grama
der,Grill,grill,grade
die,Grippe,flu,gripe
die,Größe,size,Tamanho
die,Großeltern,Grandparents,Avós
die,Großmutter,grandmother,avó
die,Großstadt,Big city,Cidade grande
der,Großvater,grandfather,Vovô
der,Gruß,greeting,saudações
die,Gurke,cucumber,pepino
die,Gymnastik,gymnastics,ginástica
das,Hackfleisch,Minced meat,Carne moida
der,Hafen,Harbor,Porto
die,Hafenrundfahrt,Harbour Cruise,Cruzeiro portuário
das,Hähnchen,chicken,frango
der,Hals,throat,garganta
die,Halsschmerzen,Sore throat,Dor de garganta
die,Halstablette,Semi-tablet,Semi-comprimido
die,Haltestelle,bus stop,ponto de ônibus
die,Hand,hand,mão
das,Handy,mobile,Móvel
die,Handynummer,mobile number,número de celular
der,Hauptbanhof,Main banny,Banny principal.
die,Hauptwohnung,Main residence,A residência principal
das,Haus,House,casa
die,Hausarztpraxis,Family practitioner,Praticante de família
die,Hausaufgabe,Homework,Trabalho de casa
die,Hausfrau,Housewife,Dona de casa
die,Hausnummer,House number,Número da casa
der,Hausschuh,Slicer,Slicer.
die,Hausverwaltung,Property management,Gestão da propriedade
das,Heft,notebook,caderno
die,Heimat,homeland,terra natal
das,Heimatland,Homeland,Terra natal
die,Heizung,heater,aquecedor
das,Hemd,shirt,camisa
der,Herbst,autumn,outono
der,Herd,stove,forno
der,Herr,Mr,Sr
die,Herrenbekleidung,Men's clothing,Roupa para Homem
die,Herrenhose,Men's pants,Calças masculinas
das,Hobby,hobby,passatempo
das,Hochhaus,skyscraper,arranha-céu
die,Hochzeit,wedding,Casamento
der,Hof,court,Tribunal
das,Hoffest,Hope,Esperança
die,Höhe,height,altura
der,Honig,honey,mel
die,Hose,trousers,calças
das,Hotel,hotel,hotel
der,Hund,dog,cão
der,Hunger,hunger,fome
der,Husten,cough,tosse
die,IBAN,Iban,Iban.
der,ICE,ICE,GELO
die,Idee,idea,ideia
der,Imbiss,snack,lanche
die,Informationsbrochüre,Information brochure,Brochura de informações
der,Informationsschalter,information desk,balcão de informações
das,Internet,Internet,Internet
die,Jacke,jacket,Jaqueta
die,Jahreszeit,season,temporada
der,Januar,January,Janeiro
die,Jeans,Jeans,Jeans
der,Joghurt,yogurt,iogurte
der,Juli,July,Julho
der,Junge,Young,Novo
der,Juni,June,Junho
der,Kaffee,coffee,café
das,Kaffeehaus,Coffee house,Cafeteria
der,Kakao,cocoa,cacau
der,Kalender,calendar,calendário
die,Kantine,canteen,cantina
die,Kanotour,Canoe,Canoa
die,Karriere,Career,Carreira
die,Kartoffel,potato,batata
der,Käse,cheese,queijo
der,Käsekuchen,Cheesecake,bolo de queijo
die,Käseplatte,Cheese plate,Queijo prato
die,Kasse,cash,dinheiro
der,Kasten,crate,Caixa
das,Kaufhaus,Department store,loja de departamento
der,Kaugummi,chewing gum,goma de mascar
der,Keller,"basement, cellar","cave, adega"
die,Kfz-Zulassung,Car registration,Registro de carro
die,Kfz-Zulassungsstelle,Car registration office,Escritório de registro de carro.
das,Kilo,kilo,quilo
das,Kilogramm,kilogram,quilograma
der,Kilometer,kilometre,quilômetro
das,Kind,child,filho
die,Kinderbetreuung,childcare,Cuchcare.
der,Kindergarten,kindergarten,Jardim da infância
das,Kindergeld,Child benefit,Benefício para criança
der,Kindergeldantrag,Child benefit application,Aplicação de benefício infantil
der,Kinderwagen,stroller,carrinho de criança
die,Kinderheit,Childhood,Infância
das,Kino,movie theater,cinema
der,Kiosk,kiosk,quiosque
die,Kita,Kit,Kit
die,Klasse,Great,Excelente
das,Kleid,a dress,um vestido
die,Kleidung,clothing,confecções
die,Kleinstadt,Town,Cidade
die,Klingel,bell,Sino
das,Klinikum,Clinic,Consultório
die,Kommode,Dresser,Cômoda
die,Konditorei,Pastry,Pastelaria
der,Kontakt,Contact,Contato
der,Kontinent,continent,continente
der,Kontoauszug,statement of account,Declaração de conta
die,Kontonummer,account number,número de conta
die,Kontrolle,control,ao controle
das,Konzert,concert,show
der,Kopf,head,cabeça
die,Kopfschmerzen,headache,dor de cabeça
die,Kopfschmerztablette,Headache tablet,Tablet de dor de cabeça
die,Kopie,Copy,cópia de
der,Körperteil,body part,parte do corpo
das,Krankenhaus,hospital,hospital
die,Krankenkasse,Health insurance,Plano de saúde
die,Krankenschwester,nurse,enfermeira
der,Krankenwagen,ambulance,ambulância
die,Krankschreibung,Sick leave,Atestado médico
die,Krawatte,necktie,gravata
die,Kreuzung,crossing,cruzando
der,Krimi,Thriller,Filme de ação
die,Küche,kitchen,cozinha
der,Kuchen,cake,bolo
der,Kugelschreiber,pen,caneta
der,Kuli,pen,caneta
der,Kühlschrank,refrigerator,frigorífico
der,Kurs,course,curso
die,Kursgebühr,Course fee,Taxa do curso
die,Kursliste,Price list,Lista de preços
der,Krsraum,Crassroom,Sala de carvão
der,Kurstermin,Course,Curso
die,Lage,location,localização
die,Lampe,lamp,luminária
das,Land,country,país
die,Landschaft,landscape,panorama
der,Laptop,Laptop,Computador portátil
die,Laune,mood,humor
das,Leben,Life,Vida
das,Lebensmittel,Food,Comida
die,Leute,people,pessoas
das,Licht,light,luz
die,Lieblingsfarbe,favourite colour,cor favorita
die,Linie,line,linha
der,Liter,liter,litro
der,Lkw,truck,caminhão
das,Mädchen,girl,garota
der,Mai,May,Poderia
der,Mais,Corn,Milho
das,Mal,Times,Vezes
der,Mann,man,cara
der,Mantel,a coat,um casaco
der,Markt,market,mercado
die,Marmelade,jam,geléia
der,März,March,marchar
das,Medikament,drug,medicamento
das,Meer,sea,mar
das,Mehrfamilienhaus,Multi-family house,Casa multi-família
die,Meldestelle,Registration office,Escritório de Registro
der,Mensch,person,pessoa
die,Metzgerei,Butcher's shop,açougue
die,Miete,rent,renda
das,Mietshaus,Tenant,Inquilino
der,Mietvertrag,rental contract,Contrato de aluguel
die,Milkrowelle,Mildrowelle,Mildrowelle.
die,Milch,milk,leite
die,Minute,minute,minuto
der,Mitgliedsbeitrag,Membership fee,Taxa de adesão
der,Mittag,midday,meio dia
das,Mittagessen,Having lunch,Almoçando
die,Mittagspause,lunch break,pausa para o almoço
die,Mitte,center,Centro
der,Mittwoch,Wednesday,quarta-feira
der,Mitwochnachmittag,By-week afternoon,À semana à tarde
die,Möbel,furniture,mobiliário
der,Modeschmuck,Fashion jewelry,Jóias da moda
der,Moment,moment,momento
der,Monat,month,mês
die,Monatskarte,Monthly,Por mês
der,Montag,Monday,Segunda-feira
der,Morgen,morning,manhã
das,Motorrad,motorcycle,motocicleta
der,Müll,rubbish,bobagem
die,Müllabfuhr,Garbage,Lixo
die,Mülltonne,Garbage bin,Lata de lixo
die,Multimedia-Abteilung,Multimedia department,Departamento de Multimídia.
der,Mund,mouth,boca
der,Museumsbesuch,Museum visit,Visita ao museu
die,Musik,music,música
das,Müsli,muesli,muesli.
die,Mutter,mother,mãe
die,Muttersprache,native language,língua nativa
das,Nachbarhaus,neighbour House,casa vizinha
der,Nachmittag,afternoon,tarde
der,Nachname,last name,último nome
die,Nacht,night,noite
der,Nachteil,disadvantage,desvantagem
der,Nachtisch,dessert,sobremesa
die,Nachtschicht,Night shift,Turno da noite
die,Nähe,vicinity,proximidade
der,Name,Surname,Sobrenome
die,Nase,nose,nariz
die,Nationalität,nationality,nacionalidade
die,Nebenkosten,extra costs,custos extras
der,Neffe,nephew,sobrinho
der,Neubau,New building,Nova construção
die,Nichte,niece,sobrinha
der,Norden,north,norte
der,Nordwesten,Northwest,Noroeste
der,Notfall,emergency,emergência
der,Notruf,Emergency call,Ligação de emergência
der,November,November,novembro
die,Nudeln,Noodle,Noodle
die,Nummer,number,número
das,Obergeschoss,Upper floor,Andar de cima
das,Obst,fruit,fruta
das,Ohr,ear,orelha
der,Oktober,October,Outubro
die,Olive,olive,Oliva
der,Onkel,uncle,tio
die,Operation,surgery,cirurgia
die,Orange,orange,laranja
das,Original,original,original
der,Ort,location,localização
der,Osten,east,leste
das,Päckchen,parcel,parcela
die,Packung,pack,pacote
das,Paket,package,pacote
der,Paketdienst,delivery service,serviço de entrega
das,Papier,paper,papel
der,Park,park,Parque
der,Parkplatz,parking spot,vaga de estacionamento
die,Parkzeit,Parking time,Tempo de estacionamento
die,Party,party,Festa
der,Pass,passport,Passaporte
die,Pause,Break,Pausa
die,Pension,pension,pensão
die,Person,person,pessoa
das,Pfund,lb,Libra
das,Picknick,picnic,piquenique
die,Pizza,Pizza,pizza
das,Plakat,poster,poster
der,Platz,place,"Lugar, colocar"
das,Playmobil,Playmobil,Playmobil.
die,Post,post,publicar
die,Postkarte,postcard,cartão postal
die,Postleitzahl,Postal code,Código postal
die,Praxis,practice,prática
das,Problem,problem,problema
der,Pudding,pudding,pudim
der,Pullover,pullover,estacionar
der,Quadratmeter,square meters,metros quadrados
das,Radio,radio,rádio
der,Radiowecker,Clock radio,Rádio relógio
die,Radtour,Cycling tour,Tour de ciclismo
das,Regal,shelf,prateleira
die,Regel,rule,regra
der,Regen,rain,chuva
das,Reinhenhaus,Cleanhouse,CleanHouse
die,Reinigungskraft,cleaning person,Pessoa de limpeza
der,Reis,rice,arroz
die,Reise,trip,viagem
das,Reiseangebote,Travel deals,Ofertas de viagens
das,Reisebüro,Travel agency,Agência de viagens
die,Reservierung,reservation,reserva
der,Rest,rest,descanso
das,Restaurant,restaurant,restaurante
das,Rezept,recipe,receita
die,Richtung,direction,direção
der,Ring,ring,anel
der,Rock,skirt,saia
die,Rolltreppe,Escalator,Escada rolante
der,Rücken,move,mover
die,Rückenschmerzen,Back pain,Dor nas costas
die,Rückfrage,Inquiry,Investigação
die,Rutsche,slide,slide
die,Sache,Thing,Coisa
die,Sachertorte,Sachertorte,SACHERTORTE.
der,Saft,juice,suco
die,Sahne,cream,creme
die,Salami,salami,salame
der,Salat,salad,salada
das,Salz,salt,sal
der,Samstag,Saturday,sábado
der,Samstagabend,Saturday night,sábado à noite
der,Sandkasten,Sandbox,Caixa de areia
die,S-Bahn,Train,Trem
das,Schach,chess,xadrez
das,Schachspiel,Chess game,Jogo de xadrez
der,Scharlach,Scarlet fever,escarlatina
die,Schaukel,Swing,Balanço
die,Scheibe,disc,disco
der,Schnichtdienst,News,Notícia
das,Schiff,ship,enviar
der,Schinken,Ham,presunto
das,Schlafzimmer,bedroom,quarto
das,Schloss,lock,trancar
der,Schlüssel,key,chave
der,Schnee,snow,neve
der,Schnupfen,sniffles,Sniffles
die,Schokolade,chocolate,chocolate
der,Schrank,cabinet,gabinete
der,Schuh,shoe,sapato
die,Schule,school,escola
die,Schwester,sister,irmã
das,Schwimmbad,swimming pool,piscina
der,Secondhandladen,thrift shop,brechós
der,See,lake,Lago
die,Sehenswürdigkeit,Sightseeing,Passeio turístico
die,Seite,page,página
der,September,September,setembro
der,Sessel,chair,cadeira
die,Situation,situation,situação
das,Smartphone,Smartphone,Smartphone
die,Socke,sock,meia
das,Sofa,sofa,sofá
der,Sohn,son,filho
der,Sommer,summer,verão
der,Sommerschlussverkauf,Summer sale,Liquidação de verão
das,Sonderangebot,special offer,oferta especial
die,Sonne,Sun,sol
der,Sonnenschein,sunshine,brilho do sol
die,Sonnenstunde,Sundial,Sundial
der,Sonntag,Sunday,Domigo
der,Sonntagnachmittag,Sunday afternoon,tarde de domingo
die,Spaghetti,spaghetti,espaguete
der,Spaß,fun,Diversão
die,Spezialität,specialty,especialidade
der,Spielplatz,playground,Parque infantil
der,Sport,Sports,Esportes
der,Sportschuh,Sports shoe,Sapato esportivo
die,Sportwaren,Sports goods,Bens esportivos
die,Sprache,language,língua
das,Sprachproblem,Language problem,Problema de linguagem
die,Sprachschule,language school,escola de idiomas
die,Sprechzeiten,Office hours,Horário de expediente
das,Sprechzimmer,Speech,Fala
die,Spüle,kitchen sink,Pia da cozinha
die,Spülmaschine,dishwasher,lava-louças
die,Staatsangehörigkeit,nationality,nacionalidade
die,Stadt,city,cidade
der,Stadtbummel,Stroll,Passeio
die,Städtetour,City tour,Tour da cidade
die,Stadtmitte,Town center,Centro da Cidade
die,Stadtreinigung,City cleaning,Limpeza da cidade
die,Stadtrundfahrt,sightseeing tour,passeio turístico
das,Standesamt,Registry office,Cartório
die,Station,station,estação
die,Stelle,Job,Trabalho
der,Stift,Pen,Caneta
der,Stock,floor,piso
der,Strand,Beach,de praia
die,Straße,Street,rua
die,Straßenbahn,tram,eléctrico
das,Straßenfest,Street party,festa de rua
das,Stück,piece,peça
der,Stuhl,chair,cadeira
die,Stunde,hour,hora
der,Süden,south,Sul
der,Supermarkt,Supermarket,Supermercado
die,Suppe,Soup,Sopa
das,Sweatshirt,sweatshirt,suéter
das,Tablet,Tablet,Tábua
die,Tablette,tablet,tábua
die,Tafel,blackboard,quadro-negro
der,Tag,Day,Dia
die,Tankstelle,Gas station,Posto de gasolina
die,Tante,aunt,tia
die,Tanzparty,Dance party,Festa dançante
die,Tasche,bag,Bolsa
die,Tasse,Cup,xícara
das,Taxiunternehmen,Taxi company,Empresa de táxi.
das,Team,team,equipe
der,Tee,tea,chá
die,Telefonnummer,Phone number,Número de telefone
die,Temperatur,temperature,temperatura
der,Teppich,carpet,tapete
der,Termin,meeting,encontro
die,Terrasse,terrace,terraço
der,Text,text,texto
das,Tier,animal,animal
der,Tipp,tip,gorjeta
der,Tisch,table,tabela
die,Tochter,daughter,filha
die,Toilette,Toilet,Banheiro
die,Tomate,tomato,tomate
die,Tonne,ton,tonelada
der,Traktor,tractor,trator
der,Treffpunkt,meeting point,ponto de encontro
die,Treppe,stairway,escada
das,Treppenhaus,Staircase,Escadaria
das,T-Shirt,T-shirt,camisa
die,Tür,door,porta
die,Tüte,bag,Bolsa
die,U-Bahn,Subway,Metrô
die,U-Bahn-Station,Metro station,estação de metrô
die,Übernachtung,overnight stay,pernoite
die,Überweisung,transfer,transferir
das,Überweisungsformular,Remittance form,Forma de remessa
die,Uhr,clock,relógio
die,Umkleidekabine,changing room,vestiário
der,Umzug,relocation,realocação
der,Umzugskarton,Moving box,Caixa em movimento
der,Unfall,accident,acidente
der,Unterricht,classes,Aulas
der,Unterschied,difference,diferença
die,Unterschrift,signature,assinatura
die,Unterwäsche,underwear,roupa de baixo
der,Urlaub,vacation,período de férias
der,USB-Stick,USB stick,Vareta USB.
der,Vater,father,pai
die,Vereinbarung,agreement,acordo
der,Verkehr,traffic,tráfego
das,Verkehrsmittel,means of transport,meios de transporte
die,Verpackung,packaging,embalagem
die,Verspätung,late arrival,chegada atrasada
das,Viertel,quarter,trimestre
das,Visum,visa,visto
das,Vitamin,vitamin,Vitamina
die,Volkshochschule,Community College,Faculdade Comunitária
die,Vorfahrt,Race,Raça
das,Vorfahrtsschild,Plot,Enredo
der,Vorhang,curtain,cortina
der,Vormittag,morning,manhã
der,Vorname,First name,Primeiro nome
der,Vorteil,advantage,vantagem
die,Vorwahl,prefix,prefixo
der,Wald,Forest,floresta
der,Walzer,waltz,valsa
die,Wand,Wall,muro
die,Wandertour,hiking tour,Excursão para caminhadas
die,Warmmiete,rent including heating,aluguel incluindo aquecimento
die,Wartenummer,Wait number,Número de espera
der,Warteraum,Waiting room,Sala de espera
das,Waschbecken,sink,Pia
die,Waschmaschine,Washing machine,Máquina de lavar
das,Wasser,water,agua
das,Wasserlabyrinth,Water labyrinth,Labirinto de água
der,Wasserweg,Waterway,Via navegável
der,Weg,path,caminho
der,Wein,Wine,Vinho
das,Weißbrot,White bread,pão branco
die,Werkstatt,workshop,oficina
der,Westen,west,Oeste
das,Wetter,weather,clima
die,Wetterkarte,Weather,Clima
die,Wiese,Meadow,Prado
der,Wind,wind,vento
der,Winter,winter,inverno
die,Winterjacke,winter jacket,jaqueta de inverno
der,Winterschlussverkauf,Winter sale,Venda de Inverno
die,Woche,week,semana
das,Wochenende,weekend,final de semana
der,Wohnort,place of residence,local de residência
die,Wohnung,apartment,apartamento
das,Wohnzimmer,living room,sala de estar
die,Wolke,cloud,nuvem
das,Wörterbuch,dictionary,dicionário
der,Wunsch,wish,desejar
die,Wurst,sausage,salsicha
die,Wurstplatte,Sausage plate,Placa de salsicha
die,Zahl,number,número
der,Zahnarzttermin,Dentist appointment,Horário com dentista
die,Zahnbehandlung,Dental treatment,Tratamento dentário
die,Zahnbürste,toothbrush,escova de dente
die,Zahnkontrolle,Tooth control,Controle de dentes
die,Zahnpasta,toothpaste,pasta de dentes
die,Zahnschmerzen,Toothache,Dor de dente
die,Zeit,Time,Tempo
die,Zeitung,newspaper,jornal
die,Zentralheizung,Central heating,Aquecimento central
das,Zimmer,room,sala
der,Zoo,zoo,jardim zoológico
der,Zucker,sugar,açúcar
der,Zug,train,Comboio
die,Zwiebel,onion,cebola
das,Kostüm,,
das,Fest,,
die,Ferien,,
die,Feier,,
der,Feiertag,,