das,Papier,Carregando…,Carregando…
der,Abflug,Carregando…,Carregando…
der,Abflugort,Carregando…,Carregando…
das,Abitur,Carregando…,Carregando…
die,Abrechnung,invoice,fatura
der,Abschluss,Carregando…,Carregando…
die,Abschlussprüfung,final exam,exame final
der,Abstand,Carregando…,Carregando…
das,Addressbuch,Address book,Livro de endereços
die,Ahnung,Carregando…,Carregando…
der,Akku-Bohrer,Battery drill,Broca de bateria
der,Alarm,alarm,alarme
der,Alkohol,Carregando…,Carregando…
das,Alter,age,era
die,Altstadt,Carregando…,Carregando…
der,Anfang,Carregando…,Carregando…
die,Anfrage,Carregando…,Carregando…
die,Angst,anxiety,ansiedade
der,Anhang,Carregando…,Carregando…
der,Animationsfilm,Animation film,Filme de animação
der,Anruf,Call,Ligar
die,Anschrift,Carregando…,Carregando…
die,Antwort,Carregando…,Carregando…
die,App,App,Aplicativo
die,Arbeitslosenversicherung,unemployment insurance,seguro desemprego
der,Arbeitsmarket,Labor market,Mercado de trabalho
die,Arbeitspause,Break,Pausa
der,Arbeitsplan,work schedule,horário de trabalho
der,Arbeitsplatz,Workplace,Local de trabalho
die,Arbeitssuche,Job search,Procura de emprego
das,Arbeitsverhalten,Work behavior,Comportamento de trabalho
der,Arbeitsvertrag,employment contract,contrato de emprego
das,Arbeitszimmer,Workspace,Área de trabalho
das,Architekturbüro,architecture office,escritório de arquitetura.
die,Arztpraxis,doctor's office,consultório médico
der,Arzttermin,medical appointment,consulta médica
der,Aufenthalt,stay,fique
der,Auftrag,Carregando…,Carregando…
die,Ausbildung,education,Educação
das,Ausbildungsangebot,Training offer,Oferta de treinamento
das,Ausbildungsjahr,Year,Ano
der,Ausbildungsplatz,apprenticeship,aprendizagem
das,Ausflugsziel,Destination,Destino
die,Ausgabe,Carregando…,Carregando…
der,Aushang,Carregando…,Carregando…
die,Aushilfe,Carregando…,Carregando…
die,Auskunft,Carregando…,Carregando…
die,Aussprache,pronunciation,pronúncia
der,Austausch,Carregando…,Carregando…
der,Ausweis,Carregando…,Carregando…
die,Auszahlung,Payment,Pagamento
die,Autoanmeldung,Car registration,Registro de carro
die,Autobahn,Carregando…,Carregando…
der,Autokonzern,Autocracle,Autocracle.
das,Automatikprogramm,Automatic program,Programa Automático
die,Autopanne,Carregando…,Carregando…
der,Autoreifen,car tire,Pneu de carro
der,Autounfall,car accident,acidente de carro.
die,Autowerkstatt,Car repair shop,Loja de reparação de carros
das,Baby,infant,infantil
die,Babypause,Carregando…,Carregando…
der,Babysitter,baby-sitter,babá
der,Bahnsteig,Carregando…,Carregando…
das,Basilikum-Pesto,Basil pesto,Pesto de Manjericão
die,Batterie,Carregando…,Carregando…
das,Bauamt,Carregando…,Carregando…
der,Bauchtanz,Carregando…,Carregando…
der,Baumarkt,Carregando…,Carregando…
die,Bedingung,Carregando…,Carregando…
die,Begegnung,Carregando…,Carregando…
die,Behinderung,disability,incapacidade
das,Behördendeutsch,Publicity,Publicidade
der,Beipackzettel,Leaflet,Folheto
der,Bekanntenkreis,Circle,Círculo
die,Beratung,Carregando…,Carregando…
der,Bereich,Carregando…,Carregando…
der,Bericht,Carregando…,Carregando…
der,Berufsabschluss,Career,Carreira
die,Berufschance,Career opportunity,Oportunidade de carreira
die,Beschwerde,complaint,reclamação
die,Besprechung,meeting,encontro
der,Betreff,Carregando…,Carregando…
die,Betreuung,Carregando…,Carregando…
der,Betriebsrat,works Council,Comissão de Trabalhadores
die,Betriebsversammlung,Business meeting,Reunião de negócios
die,Bewegung,Carregando…,Carregando…
die,Bewerbung,Carregando…,Carregando…
das,Bewerbungsfoto,Application photo,Foto de aplicativo.
das,Bewerbungsgespräch,Job Interview,Entrevista de emprego
das,Bewerbungsschreiben,letter of application,carta de candidatura
die,Bezahlung,Carregando…,Carregando…
die,Bildung,Carregando…,Carregando…
die,Biologie,Carregando…,Carregando…
der,Blumenstrauß,Bunch of flowers,Ramo de flores
das,Blut,blood,sangue
der,Blutdruck,Carregando…,Carregando…
der,Blutwert,Carregando…,Carregando…
der,Boden,floor,piso
die,Brandsalbe,Fire ointment,Pomada de fogo
die,Braut,bride,noiva
der,Bräutigam,Carregando…,Carregando…
das,Brautkleid,wedding dress,vestido de casamento
das,Brautpaar,Carregando…,Carregando…
die,Breite,Carregando…,Carregando…
die,Briefstasche,Letter bag,Saco de letra.
die,Broschüre,Carregando…,Carregando…
die,Buchhaltung,accounting,contabilidade
die,Buchung,Carregando…,Carregando…
die,Burg,Castle,Castelo
der,Büroschlüssel,Office key,Chave de escritório
der,Campingplatz,campsite,acampamento
das,Chaos,chaos,caos
die,Chemie,Carregando…,Carregando…
der,Cholesterinwert,Cholesterol,Colesterol
das,Computerprogramm,Computer program,Programa de computador.
die,Datei,file,Arquivo
die,Dauer,duration,duração
der,Dauerauftrag,Standing Order,Ordem permanente
die,Decke,ceiling,teto
das,Desinfektionsmittel,Disinfectant,Desinfetante
die,Deutschkenntnisse,German language skills,Habilidades de língua alemã
die,Digitalkamera,Digital camera,Câmera digital
das,Ding,thing,coisa
das,Diplom,Carregando…,Carregando…
die,Disco,Disco,Discoteca
der,Dokumentarfilm,documentary,documentário
die,Doppelstunde,Double-hour,Duplo hora
der,Drucker,Carregando…,Carregando…
der,Dübel,Dowel,Dowel.
der,Durchfall,Carregando…,Carregando…
der,Durchschnitt,average,média
die,Durchwall,Carregando…,Carregando…
die,DVD,DVD,DVD
das,E-Book,Carregando…,Carregando…
die,Ehefrau,Carregando…,Carregando…
der,Ehemann,Carregando…,Carregando…
die,Eigenschaft,characteristic,característica
die,Einbauküche,Equipped kitchen,Cozinha equipada
die,Einkaufsstraße,shopping street,rua comercial
die,Einnahme,Carregando…,Carregando…
der,Einstieg,Carregando…,Carregando…
die,Einzahlung,Deposit,Depósito
der,Elternabend,Parent evening,Noite pai
das,E-Mail-Programm,E-mail program,Programa de e-mail
die,E-Mail,Carregando…,Carregando…
das,Ende,end,fim
die,Energie,Carregando…,Carregando…
die,Energieeffizienz,Energy efficiency,Eficiência energética
die,Entspannung,Relaxation,Relaxamento
die,Erdkunde,Carregando…,Carregando…
der,Erfolg,Carregando…,Carregando…
das,Ergebnis,Carregando…,Carregando…
die,Erinnerung,reminder,lembrete
das,Erlebnis,Carregando…,Carregando…
die,Ernährung,Carregando…,Carregando…
die,Erste-Hilfe,First aid,Primeiros socorros
das,Erste-Hilfe-Zentrum,First aid center,Centro de primeiros socorros
das,Esszimmer,Carregando…,Carregando…
die,Existenz,Carregando…,Carregando…
der,Existenzgründerkurs,Business start,Início de negócios
das,Fach,subject,sujeito
das,Fachabitur,Qualification,Qualificação
die,Fachhochschule,University of Applied Sciences,Universidade de Ciências Aplicadas
die,Fachoberschule,Subject,Sujeito
die,Fachrichtung,specialization,especialização
die,Fähigkeit,Carregando…,Carregando…
die,Fahrradstadt,Bicycle city,Cidade de bicicleta
der,Fahrradweg,Bicycle path,Ciclovia
das,Familienmitglied,family member,membro da família
der,Familientag,Family day,Dia da família
der,Familienwagen,Family car,Carro da família
die,Fantasie,Carregando…,Carregando…
der,Farbroller,Paint roller,Rolo de pintura
der,Fehler,Carregando…,Carregando…
der,Feiertag,Carregando…,Carregando…
der,Fernsehabend,TV evening,Noite de tv.
das,Fernsehen,Carregando…,Carregando…
das,Fernsehprogramm,Television program,Programa de televisão
der,Festtag,Carregando…,Carregando…
das,Fett,fat,gordura
das,Feuerwerk,Carregando…,Carregando…
das,Fieberthermometer,Fever thermometer,Termômetro de febre
die,Finanzierung,financing,financiamento
das,Firmenjubiläum,Company anniversary,Aniversário da empresa
die,Firmenkantine,Company edge,Borda da empresa
die,Fischspezialität,Fishpitality,Fishpitality.
das,Fitnesscenter,Fitness center,Academia
das,Fitnessstudio,Gym,Academia
der,Fleischersatz,Meat,Eu no
die,Fliese,Carregando…,Carregando…
das,Flüchtlingsheim,Refugee home,Casa de refugiados
der,Flug,flight,voo
das,Flugticket,Plane ticket,Passagem de avião
die,Förderschule,special school,Escola Especial
die,Förderung,Carregando…,Carregando…
die,Formularhilfe,Form help,Ajuda de forma
die,Fortbildung,Training,Treinamento
die,Fortbildungsmöglichkeit,Training opportunity,Oportunidade de treinamento
die,Fotografie,photography,fotografia
der,Fragebogen,questionnaire,questionário
die,Frauenfreundschaft,Female friendship,Amizade feminina
die,Frauengruppe,Female group,Grupo feminino
der,Freitagvormittag,Friday morning,sexta-feira de manhã
die,Fremdsprache,foreign language,lingua estrangeira
die,Freundschaft,Friendship,Amizade
die,Freundschaftsgeschichte,Friendship History,História da amizade
der,Freundschaftsverein,Friendship,Amizade
die,Früherkennung,early detection,detecção precoce
der,Fußballverein,Soccer club,Clube de futebol
die,Gabel,fork,garfo
die,Garantie,Carregando…,Carregando…
der,Garantieschein,Warranty,garantia
das,Gästezimmer,Guest room,Quarto de hóspedes
der,Gebrauchtwagen,used cars,carros usados
die,Geburt,Carregando…,Carregando…
das,Geburtshaus,Birthplace,Local de nascimento.
der,Geburtstag,date of birth,data de nascimento
der,Gedanke,Carregando…,Carregando…
das,Gedicht,Carregando…,Carregando…
das,Gehalt,Carregando…,Carregando…
die,Geheimnummer,Secret number,Número secreto
das,Gerät,device,dispositivo
die,Gerechtigkeit,Justice,Justiça
das,Gericht,Carregando…,Carregando…
die,Gesamtschule,comprehensive school,escola compreensiva
der,Gesangsverein,Singing club,Cantando clube
das,Geschäftskonto,Business account,Conta de negócios
die,Geschäftsreise,Business trip,Viagem de negócios
das,Geschenk,Carregando…,Carregando…
die,Geschichte,story,história
das,Geschirr,Carregando…,Carregando…
das,Gesprächsthema,Topic,Tema
der,Gesundheits-Check,Health check,Exame de saúde
die,Gesundheitsuntersuchung,Health investigation,Investigação de saúde
der,Getränkeautomat,Vending machine,Maquina de vendas
das,Getreideprodukt,Cereal,Cereal
das,Gewerbeamt,commercial office,escritório comercial.
das,Gewitter,Carregando…,Carregando…
das,Girokonto,Carregando…,Carregando…
die,Gitarre,Carregando…,Carregando…
der,Glückwunsch,congratulation,Parabéns
die,Glückwunschkarte,greeting card,Cartão
die,Grammatik,Carregando…,Carregando…
die,Grammatikregel,Grammar rule,Regra de gramática
der,Grund,reason,razão
die,Grundregel,Rule,Regra
die,Grundschule,primary school,escola primária
die,Gruppe,Carregando…,Carregando…
die,Gruppenarbeit,work in groups,trabalho em grupos
der,Gutschein,Carregando…,Carregando…
das,Gymnasium,Carregando…,Carregando…
die,Haftpflichtversicherung,Liability insurance,Seguro de responsabilidade
das,Halbjahr,Carregando…,Carregando…
der,Hammer,Carregando…,Carregando…
das,Handtuch,Carregando…,Carregando…
der,Hauptschulabschluss,Hauptschulabschluss,Hauptschulabschluss.
die,Hauptschule,secondary schools,escolas secundárias
die,Hauptspeise,main course,Prato principal
die,Hausapotheke,Homepathe,Homepathe
die,Hausaufgabenhilfe,Homework help,Ajuda do dever de casa
der,Haushalt,Carregando…,Carregando…
der,Hausmüll,Carregando…,Carregando…
die,Hausratversicherung,Household insurance,Seguro doméstico
das,Haustier,Carregando…,Carregando…
das,Heim,home,casa
der,Heimatverein,Home club,Clube Home
der,Heimverkerkurs,Home crowd,Multidão em casa
die,Hilfe,help,ajuda
der,Himmel,Carregando…,Carregando…
der,Hinflug,Carregando…,Carregando…
die,Hochzeitsfeier,wedding party,festa de casamento
die,Hochzeitskleidung,Wedding clothing,Roupa de casamento
der,Hochzeitstag,wedding day,dia do casamento
die,Hochzeitstorte,wedding cake,bolo de casamento
die,Höhe,height,altura
der,Humor,humor,humor
die,Hütte,hut,cabana
die,Immobilie,Carregando…,Carregando…
die,Information,information,em formação
die,Initiativbewerbung,initiative application,Aplicação de iniciativa
die,Innenstadt,Downtown,Centro da cidade
die,Insel,Island,ilha
die,Institution,institution,instituição
das,Interesse,Carregando…,Carregando…
die,Internetseite,Website,Local na rede Internet
der,Internetzugang,Internet access,Acesso à internet
der,Job,job,trabalho
das,Jubiläum,Carregando…,Carregando…
die,Jugend,Carregando…,Carregando…
der,Kaffeeautomat,Coffee machine,Máquina de café
die,Kaffeekanne,Coffee pot,Pote de café
die,Kaligraphie,Caligraphy,Caligrafia
die,Kaltmiete,Carregando…,Carregando…
die,Kamera,Carregando…,Carregando…
die,Kapazität,Carregando…,Carregando…
der,Karnevalsverein,Carnival club,Clube de Carnaval
die,Karteikarte,index card,cartão de índice
die,Kartoffelsuppe,Potato soup,Sopa de batata
der,Katalog,Carregando…,Carregando…
die,Katze,cat,gato
die,Kaution,Carregando…,Carregando…
die,Kerze,candle,vela
die,Kette,chain,cadeia
die,Kfz-Versicherung,Car insurance,Seguro de automóvel
der,Kilometer,Carregando…,Carregando…
die,Kindersendung,Child's program,Programa da criança
das,Kinderzimmer,nursery,berçário
der,Kiosk,kiosk,quiosque
die,Klasse,Carregando…,Carregando…
die,Klassenarbeit,Class,Classe
die,Klassenfahrt,school trip,viagem escolar
die,Klassenkasse,Classkash,Classkash.
die,Klavierbegleitung,Piano accompaniment,Acompanhamento de piano
der,Kleingartenverein,Gardening,Jardinagem
der,Kleinwagen,Small car,Carro pequeno
die,Kochidee,Carregando…,Carregando…
der,Kochkurs,Carregando…,Carregando…
der,Koffer,Carregando…,Carregando…
das,Komma,comma,vírgula
das,Konto,account,conta
die,Kontogebühr,Account fee,Taxa da conta
der,Kopfhörer,Carregando…,Carregando…
die,Kopie,Copy,cópia de
der,Kopierer,Carregando…,Carregando…
der,Körper,Carregando…,Carregando…
die,Krankenverischerung,Sickness,Doença
der,Krankenwagen,ambulance,ambulância
die,Krankheit,Carregando…,Carregando…
die,Kreativität,creativity,criatividade
der,Kredit,Carregando…,Carregando…
die,Kreditkarte,Credit card,Cartão de crédito
die,Krimiserie,Crime series,Série do crime
die,Küchenhilfe,Kitchen Help,Ajuda da cozinha
das,Küchenstudio,Kitchen studio,Estúdio de cozinha
das,Kühlregal,Carregando…,Carregando…
das,Kundententrum,Client,Cliente
die,Kunst,Arts,Artes.
der,Kurs,course,curso
das,Kursangebot,Course,Curso
das,Kurzprogramm,Short program,Programa curto
die,Küste,coast,costa
die,Laboruntersuchung,Laboratory investigation,Investigação de laboratório
das,Ladekabel,Carregando…,Carregando…
die,Lage,location,localização
das,Laminat,Carregando…,Carregando…
die,Langeweile,boredom,tédio
das,Lebensjahr,age,era
der,Lebenslauf,curriculum vitae,curriculum vitae
die,Leiter,Carregando…,Carregando…
der,Leitpfosten,Lead,Liderar
die,Lernkarte,Carregando…,Carregando…
die,Liebe,Carregando…,Carregando…
das,Lieblingsfach,favorite subject,assunto favorito
das,Lieblingsspiel,favourite game,Jogo favorito
das,Lied,song,música
der,Löffel,Carregando…,Carregando…
die,Lohnsteuerhilfe,Payroll,Folha de pagamento
das,Lokal,Carregando…,Carregando…
die,Luft,air,ar
der,Magen,Carregando…,Carregando…
die,Männerfreundschaft,Male friendship,Amizade masculina
die,Maschine,Carregando…,Carregando…
der,Maschinenbaun,Mechanical engineer,Engenheiro mecânico
das,Maß,Measurement,Medição
die,Massage,Carregando…,Carregando…
der,Massagestuhl,Massage chair,Cadeira de massagem
die,Mathematik,mathematics,matemática
die,Mediennutzung,Media usage,Uso da mídia.
das,Medium,Carregando…,Carregando…
die,Medizin,Carregando…,Carregando…
die,Meinung,Carregando…,Carregando…
das,Messer,Carregando…,Carregando…
das,Milchprodukt,Milk product,Produto do leite
die,Million,Carregando…,Carregando…
die,Minijob-Basis,Mini job basis,Mini base de emprego
das,Mitglied,Carregando…,Carregando…
der,Mitgliedsbeitrage,Member contribution,Contribuição de membros
die,Mitteilung,Message,Mensagem
die,Möglichkeit,opportunity,oportunidade
das,Museum,Carregando…,Carregando…
der,Musikfreund,Music friend,Amigo de música.
der,Musikschulverein,Music school,Escola de música
der,Musikverein,music Society,Sociedade de Música.
der,Muskel,Carregando…,Carregando…
das,Muskeltraining,Muscle,Músculo
der,Mut,courage,coragem
die,Nachbarschaft,neighborhood,vizinhança
das,Nachbarschaftshaus,Neighborhood house,Casa de bairro
die,Nachhilfe,Carregando…,Carregando…
die,Nachricht,Carregando…,Carregando…
die,Nachspeise,dessert,sobremesa
der,Nagel,Carregando…,Carregando…
der,Nähabend,Carregando…,Carregando…
das,Nahrungsmittel,food,Comida
die,Nebenwirkung,side effect,efeito colateral
das,Netzwerk,Carregando…,Carregando…
das,Neujahr,Carregando…,Carregando…
der,Neuwagen,Carregando…,Carregando…
die,Nichte,Carregando…,Carregando…
die,Not,Emergency,Emergência
der,Notarztwagen,emergency,emergência
die,Note,grade,grau
die,Notrufsäule,Emergency call,Ligação de emergência
die,Notrufzentrale,Emergency call center,Centro de Chamada de Emergência
die,Nutzungsdauer,Useful life,Vida útil
der,Oberkörper,upper body,tronco
der,Obstkorb,Carregando…,Carregando…
der,Ohrring,Carregando…,Carregando…
die,Online-Anmeldung,Online registration,Registro online
das,Online-Banking,Online Banking,Acesso a operações bancárias via Internet
das,Online-Spiel,Online game,Jogo online
die,Online-Überweisung,Online transfer,Transferência Online.
die,Option,Carregando…,Carregando…
der,Ordner,Carregando…,Carregando…
die,Ordnung,Carregando…,Carregando…
der,Pannendienst,Spanning service,Spanning Service.
das,Parfüm,Carregando…,Carregando…
die,Partei,Carregando…,Carregando…
das,Passwort,Carregando…,Carregando…
die,Pausenregel,Pause rule,Pause Regra.
der,Personenbeförderungsschein,Passenger transport certificate,Certificado de transporte de passageiros
der,Pfiff,Carregando…,Carregando…
das,Pflaster,Carregando…,Carregando…
der,Pflegedienst,Nursing,Enfermagem
die,Physik,Carregando…,Carregando…
die,PIN,pin code,Código PIN.
das,Pinsel-Set,Brush set,Pincel Set.
die,Pinzette,Carregando…,Carregando…
der,Pizzaservice,Pizza service,Serviço de pizza.
die,Pizzeria,Carregando…,Carregando…
das,Plakat,Carregando…,Carregando…
die,Platzreservierung,Area reservation,Reserva de área
die,Politik,Carregando…,Carregando…
das,Portemonnaie,Wallet,Carteira
der,Posteingang,inbox,caixa de entrada
das,Poster,Carregando…,Carregando…
das,Praktikum,Carregando…,Carregando…
die,Praline,Carregando…,Carregando…
die,Präsentation,presentation,apresentação
das,Privatkonto,Private account,Conta privada
das,Privatleben,Private life,Vida privada
die,Privatschule,Private school,Escola particular
das,Projekt,Carregando…,Carregando…
der,Prospekt,Carregando…,Carregando…
das,Prozent,Carregando…,Carregando…
die,Prüfung,Carregando…,Carregando…
die,Quittung,Carregando…,Carregando…
das,Quiz,quiz,questionário
das,Rad,wheel,roda
der,Radweg,Carregando…,Carregando…
der,Rasierapparat,razor,navalha
der,Raum,space,espaço
die,Realschule,secondary school,Ensino Médio
die,Rechnung,Carregando…,Carregando…
die,Rechtsberatung,Legal advice,Aconselhamento jurídico
die,Rechtsschutzversicherung,Legal protection insurance,Seguro de Proteção Legal.
das,Reinigungsunternehmen,Cleaning company,Companhia de Limpeza
der,Reisebus,Carregando…,Carregando…
das,Reisedokument,Travel document,Documento de viagem
der,Reiseführer,travel Guide,guia de viagem
die,Reiseplanung,Travel planning,Planejamento de viagens
die,Reisezeit,Carregando…,Carregando…
das,Reiseziel,Carregando…,Carregando…
die,Reklamation,claim,alegar
die,Renovierung,renovation,renovação
die,Rentenversicherung,pension insurance,seguro de pensão
die,Reparatur,Carregando…,Carregando…
der,Richtunspfeil,Directional index,Índice Direcional
das,Rollenmaß,Carregando…,Carregando…
die,Rose,rose,Rosa
der,Rückflug,Carregando…,Carregando…
der,Rucksack,Carregando…,Carregando…
die,Ruhe,Quiet,Quieto
der,Rundfunkbeitrag,Broadcasting contribution,Contribuição de radiodifusão
der,Rundgang,Carregando…,Carregando…
die,Salbe,Carregando…,Carregando…
der,Sand,sand,areia
der,Satz,sentence,frase
die,Säule,Carregando…,Carregando…
die,Schachtel,Carregando…,Carregando…
der,Schaden,Carregando…,Carregando…
der,Schalter,Carregando…,Carregando…
die,Schere,Carregando…,Carregando…
die,Schichtarbeit,shift work,trabalho por turnos
der,Schlafsack,Sleeping bag,Saco de dormir
der,Schleier,Carregando…,Carregando…
das,Schmerzmittel,Painkiller,Analgésico
der,Schmuck,Carregando…,Carregando…
das,Schnitzel,Carregando…,Carregando…
die,Schraube,Carregando…,Carregando…
der,Schritt,Carregando…,Carregando…
der,Schulabschuss,Loan,Empréstimo
die,Schulbildung,Education,Educação
das,Schulbuch,Carregando…,Carregando…
der,Schulhof,Carregando…,Carregando…
das,Schuljahr,Carregando…,Carregando…
die,Schulkantine,Schoolcartine,Schoolcartine.
die,Schulpflicht,Compulsory,Obrigatório
das,Schulsystem,school-system,sistema escolar
der,Schulweg,Carregando…,Carregando…
die,Schulzeit,Carregando…,Carregando…
der,Schutz,Carregando…,Carregando…
das,Schwarze Brett,Black board,Quadro-negro
der,Schwerpunkt,main emphasis,Ênfase principal.
der,Schwimmunterricht,swimming lessons,aulas de natação
die,Selbständigkeit,independence,independência
die,Sendung,Carregando…,Carregando…
der,Seniorentreff,Senior,Senior
die,Serie,Carregando…,Carregando…
der,Service,Carregando…,Carregando…
die,Servicekraft,Service,Serviço
die,Serviette,Carregando…,Carregando…
der,Singkreis,Carregando…,Carregando…
der,Sinn,sense,senso
das,Skigebiet,Carregando…,Carregando…
die,Sofortmaßnahme,Immediate action,Ação imediata
die,Software,Carregando…,Carregando…
das,Softwareprogamm,SoftwareProgamm,Softwareprogamm.
die,Solidarität,solidarity,solidariedade
der,Sondertarif,Special tariff,Tarifa especial
die,Sonnenbrille,sunglasses,oculos escuros
die,Sonnencreme,suncream,protetor solar
der,Sonnenhut,Carregando…,Carregando…
der,Sonnenschirm,parasol,guarda-sol.
der,Sonntagabend,Sunday evening,Domingo à noite
die,Sorge,Carregando…,Carregando…
die,Sozialberatung,Social counseling,Aconselhamento Social
das,Sozialverhalten,Social behavior,Comportamento social
die,Spedition,Carregando…,Carregando…
das,Spiel,Carregando…,Carregando…
der,Spielfilm,Carregando…,Carregando…
die,Sportsendung,Sports show,Show de esportes
der,Sportunterricht,Sports lessons,Lições esportivas
der,Sportverein,Sports club,Clube de esportes
der,Sportwagen,Sports car,Carro esportivo
der,Sprachkurs,Language course,Curso de linguagem
das,Sprichwort,saying,dizendo
die,Spritze,Carregando…,Carregando…
der,Spruch,Carregando…,Carregando…
der,Stadtteil,Carregando…,Carregando…
die,Stadtverwaltung,City administration,Administração da cidade
das,Stadtzentrum,City center,Centro da cidade
der,Stand,Carregando…,Carregando…
die,Standmiete,Stand rental,Aluguer de carrinho
die,Start-Taste,Start button,Botão de início
der,Stau,traffic jam,engarrafamento
der,Staubsauger,vacuum cleaner,aspirador de pó
das,Stellenangebot,Job offer,Oferta de emprego
die,Stimmung,Carregando…,Carregando…
die,Störung,Carregando…,Carregando…
die,Strafe,Carregando…,Carregando…
der,Stress,Carregando…,Carregando…
das,Stromkabel,Power cable,Cabo de energia
der,Studienplatz,Study place,Lugar de estudo
das,Studium,Carregando…,Carregando…
der,Stundenplan,Timetable,Calendário
der,Sturm,Carregando…,Carregando…
der,Support,Carregando…,Carregando…
die,Tabellenkalkulation,Spreadsheet,Planilha
die,Talkshow,Carregando…,Carregando…
die,Tanzfläche,dance floor,pista de dança
der,Tanzkurs,Carregando…,Carregando…
die,Tapete,Carregando…,Carregando…
der,Tarif,Carregando…,Carregando…
das,Taschengeld,pocket money,mesada
die,Taste,Carregando…,Carregando…
die,Tätigkeit,Carregando…,Carregando…
die,Teamarbeit,Teamwork,Trabalho em equipe
die,Technik,Carregando…,Carregando…
der,Teddybär,Carregando…,Carregando…
die,Teilzeit,Carregando…,Carregando…
die,Teilzeitarbeit,part time jobs,trabalho de meio período
der,Telefonanbieter,Telephone service,Serviço de telefone
die,Telefonzentrale,Telephone center,Centro Telefônico
der,Teller,Carregando…,Carregando…
die,Tendenz,Carregando…,Carregando…
der,Tetanus,Carregando…,Carregando…
die,Theatergruppe,Theater group,Grupo de teatro
das,Ticket,Carregando…,Carregando…
die,Tiefe,Carregando…,Carregando…
die,Tierhaltung,livestock farming,pecuária agricultura
der,Tofu,tofu,tofu
die,Tonaufnahme,Sound recording,Gravação de som
das,Topangebot,Top offer,Top oferta
der,Tourismus,Carregando…,Carregando…
die,Tradition,Carregando…,Carregando…
der,TRansportwagen,Trolley,Carrinho
der,Traum,Carregando…,Carregando…
die,Trauung,Carregando…,Carregando…
das,Trinkgeld,Carregando…,Carregando…
der,Turnverein,Gymnastics,Ginástica
der,Typ,Type,Modelo
die,Überraschung,surprise,surpresa
die,Überstunde,hour of overtime,hora de horas extras.
die,Übung,Carregando…,Carregando…
die,Uhrzeit,Carregando…,Carregando…
die,Umdrehung,Carregando…,Carregando…
die,Umgebung,Carregando…,Carregando…
die,Universität,university,universidade
die,Universitätsstadt,University City,Cidade universitária.
die,Unterkunft,accommodation,alojamento
der,Urin,urine,urina
die,Urin-Untersuchung,Urine examination,Exame de urina
das,Urlaubsfoto,Holiday photo,Foto de férias
die,Urlaubsreise,Vacation trip,Viagem de férias
die,Ursache,Carregando…,Carregando…
die,Veranstaltung,event,evento
der,Verband,Carregando…,Carregando…
der,Verein,Carregando…,Carregando…
das,Vereinsleben,Club life,Vida do clube.
die,Verkehrsmeldung,Traffic report,Relatório de tráfego
der,Verkehrsverbund,Transport network,Rede de transporte
das,Versehen,Carregando…,Carregando…
die,Versicherung,insurance,seguro
der,Verisucherungsschutz,Commercial protection,Proteção comercial
das,Vitamin,Carregando…,Carregando…
die,Vollzeit,Carregando…,Carregando…
die,Voraussetzung,pre-condition,condição prévia
der,Vorort,Carregando…,Carregando…
der,Vorschlag,Carregando…,Carregando…
die,Vorsorgeuntersuchung,Precautionary examination,Exame de precaução
die,Verspeise,Carregando…,Carregando…
das,Vorstellungsgespräch,job interview,entrevista de emprego
der,Wagen,Carregando…,Carregando…
die,Wagenreparatur,Car repair,Reparo de carros
die,Wagentür,Carregando…,Carregando…
das,Wahrzeichen,Landmark,Marco
die,Wandfarbe,Carregando…,Carregando…
die,Wärme,Carregando…,Carregando…
die,Wäscherei,Carregando…,Carregando…
das,Wasserschloss,Water lock,Fechadura de água
das,WC,WC,banheiro
das,Webdesign,Carregando…,Carregando…
die,Webseite,Carregando…,Carregando…
der,Wecker,Carregando…,Carregando…
die,Weihnachtszeit,Christmas time,época de Natal
der,Weißwein,Carregando…,Carregando…
die,Weiterbildung,further education,mais Educação
die,Welt,world,mundo
die,Werbung,Carregando…,Carregando…
das,Werk,plant,plantar
der,Wetterbericht,Weather report,Previsão do tempo
die,Wochenendarbeit,Weekend work,Trabalho de fim de semana
der,Wochentag,Carregando…,Carregando…
das,Wohlbefinden,Well-being,Bem-estar
die,Wohnungsbesichtigung,Housing visit,Visita da habitação.
das,Wort,word,palavra
das,Wunderkind,wonder child,Maravilha criança
das,Yoga,yoga,ioga
die,Zahlung,Carregando…,Carregando…
der,Zahn,tooth,dente
die,Zahnbürste,toothbrush,escova de dente
die,Zeitarbeitsfirma,Temporary employment agency,Agência de Emprego Temporário
die,Zeitschrift,magazine,revista
das,Zelt,time,Tempo
das,Zentrum,Carregando…,Carregando…
der,Zettel,Carregando…,Carregando…
das,Zeugnis,Carregando…,Carregando…
die,Zielgruppe,target group,grupo alvo
der,Zwilling,Carregando…,Carregando…
der,Abend,evening,noite
das,Abendessen,Dinner,Jantar
das,Abendkleid,Evening dress,Vestido de noite
der,Abendkurs,Carregando…,Carregando…
die,Abfahrt,Carregando…,Carregando…
die,Abkürzung,Carregando…,Carregando…
der,Absender,Carregando…,Carregando…
die,Abteilung,Carregando…,Carregando…
die,Addresse,Carregando…,Carregando…
der,Aktivurlaub,Active holiday,Feriado ativo
das,Alphabet,Carregando…,Carregando…
die,Ampel,traffic light,semáforo
das,Amt,government office,escritório do governo
die,Anerkennung,recognition,reconhecimento
der,Anfang,Carregando…,Carregando…
das,Angebot,Carregando…,Carregando…
die,Ankunft,Carregando…,Carregando…
die,Anmeldebestätigung,Registration confirmation,Confirmação de registro
das,Anmeldeformular,registration form,formulário de registro
die,Anmeldung,Carregando…,Carregando…
die,Anrede,Carregando…,Carregando…
die,Anreise,Carregando…,Carregando…
der,Antrag,Carregando…,Carregando…
die,Anzahl,Carregando…,Carregando…
die,Anzeige,Carregando…,Carregando…
der,Anzug,men's suit,terno masculino
der,Apfel,Apple,maçã
der,Apfelsaft,Carregando…,Carregando…
die,Apotheke,Carregando…,Carregando…
der,Appetit,Carregando…,Carregando…
der,April,April,abril
die,Arbeit,Carregando…,Carregando…
der,Arbeitsort,workplace,local de trabalho
die,Arbeitszeit,working time,expediente
der,Arm,poor,pobre
der,Artikel,Carregando…,Carregando…
der,Arztbesuch,Doctor's visit,Visita do médico
der,Asienladen,Asian shop,Loja asiática
die,Aufgabe,Carregando…,Carregando…
der,Aufzug,Carregando…,Carregando…
das,Auge,eye,olho
der,August,Carregando…,Carregando…
der,Ausflug,Carregando…,Carregando…
der,Ausgang,Carregando…,Carregando…
das,Ausland,Carregando…,Carregando…
das,Ausländeramt,foreign Office,Ministério das Relações Exteriores
die,Auslandsreise,foreign travel,viagem ao exterior
die,Aussicht,Carregando…,Carregando…
das,Auto,automobile,automóvel
das,Autokennzeichen,license plate,placa de carro
der,Automat,Carregando…,Carregando…
der,Autoschlüssel,car key,Chave do carro
die,Babyhose,Carregando…,Carregando…
die,Babywasche,Babywash,Babywash.
der,Bäcker,Carregando…,Carregando…
die,Backerei,Carregando…,Carregando…
das,Bad,bath,banho de banheira
der,Bademantel,bathrobe,roupão de banho
die,Bahncard,Carregando…,Carregando…
der,Bahnhof,Carregando…,Carregando…
der,Balkon,Carregando…,Carregando…
die,Banane,Carregando…,Carregando…
die,Bank,Bank,Banco
die,Bankverbindung,Bank details,detalhes bancários
der,Basketballverein,Basketball club,Clube de basquete
der,Bauch,belly,barriga
die,Bauchschmerzen,stomach pain,dor de estômago
der,Bauernhof,Carregando…,Carregando…
der,Baum,tree,árvore
die,Baustelle,Carregando…,Carregando…
die,Behörde,Carregando…,Carregando…
das,Bein,leg,perna
das,Beispiel,Carregando…,Carregando…
der,Berg,Mountain,Montanha
der,Beruf,job,trabalho
die,Berufsberatung,Career guidance,Orientação de carreira
der,Besuch,Carregando…,Carregando…
der,Betreff,Carregando…,Carregando…
das,Bett,bed,cama
die,Bibliothek,library,biblioteca
das,Bier,beer,Cerveja
das,Bild,image,imagem
die,Birne,pear,pera
die,Bitte,You're welcome,De nada
der,Bleistift,Carregando…,Carregando…
der,Blog,Blog,Blog
die,Blume,flower,Flor
die,Bluse,blouse,blusa
der,Bonus,bonus,bônus
das,Bonusheft,Carregando…,Carregando…
die,Boutique,Carregando…,Carregando…
die,Brille,Carregando…,Carregando…
das,Brot,bread,pão
das,Brötchen,Carregando…,Carregando…
die,Brücke,Carregando…,Carregando…
der,Bruder,Carregando…,Carregando…
der,Brunnen,Carregando…,Carregando…
das,Buch,a book,um livro
der,Buchstabe,Carregando…,Carregando…
das,Bürgeramt,Carregando…,Carregando…
der,Bürgersteig,sidewalk,calçada
das,Büro,office,escritório
der,Bus,bus,ônibus
die,Busreise,Carregando…,Carregando…
die,Butter,Carregando…,Carregando…
das,Café,Coffee shop,Cafeteria
der,Campingplatz,campsite,acampamento
die,CD,CD,CD
der,Cent,cent,cent.
die,Chance,Carregando…,Carregando…
die,Chips,crisps,crisps.
der,Club,Club,Clube
der,Computer,Carregando…,Carregando…
der,Computerkurs,Computer course,Curso de informática
das,Computerspiel,computer game,Jogo de computador.
der,Cousin,Carregando…,Carregando…
die,Cousine,Carregando…,Carregando…
das,Dachgeschoss,Attic,Sótão
der,Damenmantel,Lady's sheath,Bainha da senhora
der,Dank,thanks to,graças a
das,Datum,date,encontro
der,Deutschkurs,German course,curso de alemão
der,Dezember,Carregando…,Carregando…
der,Dienstag,Carregando…,Carregando…
der,Dienstagabend,Tuesday evening,Terça-feira à noite
der,Dienstagnachmittage,Tuesday afternoons,Terça-feira tardia
der,Dienstagvormittag,Tuesday morning,terça-feira de manhã
das,Ding,thing,coisa
der,Doktor,Carregando…,Carregando…
der,Donnerstag,Thursday,quinta-feira
das,Dorf,village,Vila
die,Dose,Tin,Lata
die,Drogerie,Carregando…,Carregando…
der,Durst,thirst,sede
die,EC-Karte,Carregando…,Carregando…
die,Ecke,corner,canto
das,Ei,egg,ovo
die,Eigentumswohnung,Condominium,Condomínio
die,Einbauküche,Equipped kitchen,Cozinha equipada
das,Einfamilienhaus,detached house,moradia
der,Eingang,Carregando…,Carregando…
der,Einkauf,Carregando…,Carregando…
der,Einkaufszettel,Shopping list,Lista de compras
die,Einladung,Carregando…,Carregando…
der,Einzug,Carregando…,Carregando…
das,Eis,ice cream,sorvete
die,Eltern,Carregando…,Carregando…
die,E-Mail-Addresse,Email-address,Endereço de e-mail
die,Endstation,final destination,Destino final
der,Englischkurs,English course,curso de inglês
das,Enkelkind,Carregando…,Carregando…
die,Entschuldigung,Excuse me,Com licença
die,Erbse,pea,ervilha
das,Erdgeschoss,ground floor,térreo
die,Erholung,Carregando…,Carregando…
die,Erkältung,Carregando…,Carregando…
das,Erlebnis,Carregando…,Carregando…
das,Essen,eat,comer
die,Essenzeit,Carregando…,Carregando…
der,Euro,Euro,Euro
der,EU-Staat,Carregando…,Carregando…
der,Fahrgast,Carregando…,Carregando…
die,Fahrkarte,Carregando…,Carregando…
das,Fahrrad,Carregando…,Carregando…
der,Fahrradraum,Bicycle room,Sala de bicicleta
die,Fahrt,journey,jornada
die,Familie,Carregando…,Carregando…
das,Familienfoto,Family photo,Foto de familia
die,Familienkasse,Family fund,Fundo Familiar
das,Familienleben,Family life,Vida familiar
der,Familienname,family name,sobrenome
der,Familienstand,marital status,Estado civil
die,Farbe,colour,cor
der,Februar,Carregando…,Carregando…
das,Fehlen,Carregando…,Carregando…
das,Fenster,Carregando…,Carregando…
die,Ferienwohnung,Vacation rental,Aluguel de férias
der,Fernseher,Carregando…,Carregando…
das,Fest,Fixed,Fixo
das,Festkomitee,Mental committee,Comitê Mental
das,Feuer,Fire,Incêndio
die,Feuerwehr,Carregando…,Carregando…
das,Fieber,Carregando…,Carregando…
das,Fieberthermometer,Fever thermometer,Termômetro de febre
der,Film,Movie,Filme
der,Finger,Carregando…,Carregando…
die,Firma,company,empresa
der,Fisch,fish,peixe
die,Flasche,Carregando…,Carregando…
das,Fleisch,Carregando…,Carregando…
die,Fleischwurst,Meat,Eu no
der,Flohmarkt,Carregando…,Carregando…
der,Flughafen,Carregando…,Carregando…
das,Flugzeug,Carregando…,Carregando…
der,Fluss,flow,fluxo
das,Formular,Carregando…,Carregando…
das,Foto,photo,foto
die,Frage,question,pergunta
die,Frau,Mrs,Sra
der,Freitag,Carregando…,Carregando…
die,Freizeit,Carregando…,Carregando…
die,Frucht,Carregando…,Carregando…
der,Frühling,Carregando…,Carregando…
das,Früstück,Carregando…,Carregando…
der,Führerschein,driver's license,carteira de motorista
die,Führerscheinprüfung,Driver's license,Carteira de motorista
der,Fuß,foot,pé
der,Fußball,Carregando…,Carregando…
das,Fußballtraining,Football training,Treino de futebol
der,Fußballverein,Soccer club,Clube de futebol
das,Fußballspiel,Football game,Jogo de futebol
die,Garage,Carregando…,Carregando…
der,Garten,Carregando…,Carregando…
der,Gast,guest,hóspede
die,Gebühr,Carregando…,Carregando…
das,Geburstdatum,Birth date,Data de nascimento
der,Geburstsort,Office location,Localização do escritório
die,Geburtsurkunde,Birth certificate,Certidão de nascimento
die,Gehaltsabrechnung,Salary settlement,Liquidação salarial
das,Geld,money,dinheiro
der,Geldautomat,Cash machine,Caixa eletrônico
die,Gemeinde,Carregando…,Carregando…
das,Gemüse,Carregando…,Carregando…
das,Geschäft,Carregando…,Carregando…
die,Geschwister,brothers and sisters,irmãos e irmãs
das,Gespräch,Carregando…,Carregando…
die,Gesungheit,Sanctuary,Santuário
die,Gesundheitskarte,Healthcare card,Cartão de saúde
das,Getränk,Carregando…,Carregando…
das,Glas,Glass,Copo
das,Glück,happiness,felicidade
der,Grad,Degree,Grau
das,Gramm,Gram,Grama
der,Grill,grill,grade
die,Grippe,Carregando…,Carregando…
die,Größe,size,Tamanho
die,Großeltern,Grandparents,Avós
die,Großmutter,grandmother,avó
die,Großstadt,Carregando…,Carregando…
der,Großvater,Carregando…,Carregando…
der,Gruß,greeting,saudações
die,Gurke,cucumber,pepino
die,Gymnastik,Carregando…,Carregando…
das,Hackfleisch,Minced meat,Carne moida
der,Hafen,Harbor,Porto
die,Hafenrundfahrt,Harbour Cruise,Cruzeiro portuário
das,Hähnchen,Carregando…,Carregando…
der,Hals,throat,garganta
die,Halsschmerzen,Sore throat,Dor de garganta
die,Halstablette,Semi-tablet,Semi-comprimido
die,Haltestelle,bus stop,ponto de ônibus
die,Hand,hand,mão
das,Handy,mobile,Móvel
die,Handynummer,mobile number,número de celular
der,Hauptbanhof,Main banny,Banny principal.
die,Hauptwohnung,Main residence,A residência principal
das,Haus,House,casa
die,Hausarztpraxis,Family practitioner,Praticante de família
die,Hausaufgabe,Homework,Trabalho de casa
die,Hausfrau,Carregando…,Carregando…
die,Hausnummer,House number,Número da casa
der,Hausschuh,Carregando…,Carregando…
die,Hausverwaltung,Property management,Gestão da propriedade
das,Heft,notebook,caderno
die,Heimat,Carregando…,Carregando…
das,Heimatland,Homeland,Terra natal
die,Heizung,Carregando…,Carregando…
das,Hemd,shirt,camisa
der,Herbst,Carregando…,Carregando…
der,Herd,stove,forno
der,Herr,Mr,Sr
die,Herrenbekleidung,Men's clothing,Roupa para Homem
die,Herrenhose,Men's pants,Calças masculinas
das,Hobby,hobby,passatempo
das,Hochhaus,Carregando…,Carregando…
die,Hochzeit,Carregando…,Carregando…
der,Hof,court,Tribunal
das,Hoffest,Carregando…,Carregando…
die,Höhe,height,altura
der,Honig,honey,mel
die,Hose,trousers,calças
das,Hotel,hotel,hotel
der,Hund,dog,cão
der,Hunger,Carregando…,Carregando…
der,Husten,Carregando…,Carregando…
die,IBAN,Iban,Iban.
der,ICE,ICE,GELO
die,Idee,idea,ideia
der,Imbiss,Carregando…,Carregando…
die,Informationsbrochüre,Information brochure,Brochura de informações
der,Informationsschalter,information desk,balcão de informações
das,Internet,Carregando…,Carregando…
die,Jacke,jacket,Jaqueta
die,Jahreszeit,season,temporada
der,Januar,Carregando…,Carregando…
die,Jeans,Jeans,Jeans
der,Joghurt,Carregando…,Carregando…
der,Juli,July,Julho
der,Junge,Young,Novo
der,Juni,June,Junho
der,Kaffee,Carregando…,Carregando…
das,Kaffeehaus,Coffee house,Cafeteria
der,Kakao,cocoa,cacau
der,Kalender,Carregando…,Carregando…
die,Kantine,Carregando…,Carregando…
die,Kanotour,Carregando…,Carregando…
die,Karriere,Carregando…,Carregando…
die,Kartoffel,Carregando…,Carregando…
der,Käse,cheese,queijo
der,Käsekuchen,Cheesecake,bolo de queijo
die,Käseplatte,Cheese plate,Queijo prato
die,Kasse,cash,dinheiro
der,Kasten,Carregando…,Carregando…
das,Kaufhaus,Carregando…,Carregando…
der,Kaugummi,Carregando…,Carregando…
der,Keller,Carregando…,Carregando…
die,Kfz-Zulassung,Car registration,Registro de carro
die,Kfz-Zulassungsstelle,Car registration office,Escritório de registro de carro.
das,Kilo,kilo,quilo
das,Kilogramm,Carregando…,Carregando…
der,Kilometer,Carregando…,Carregando…
das,Kind,child,filho
die,Kinderbetreuung,childcare,Cuchcare.
der,Kindergarten,kindergarten,Jardim da infância
das,Kindergeld,Child benefit,Benefício para criança
der,Kindergeldantrag,Child benefit application,Aplicação de benefício infantil
der,Kinderwagen,stroller,carrinho de criança
die,Kinderheit,Childhood,Infância
das,Kino,movie theater,cinema
der,Kiosk,kiosk,quiosque
die,Kita,Kit,Kit
die,Klasse,Carregando…,Carregando…
das,Kleid,a dress,um vestido
die,Kleidung,Carregando…,Carregando…
die,Kleinstadt,Town,Cidade
die,Klingel,Carregando…,Carregando…
das,Klinikum,Carregando…,Carregando…
die,Kommode,Carregando…,Carregando…
die,Konditorei,Pastry,Pastelaria
der,Kontakt,Carregando…,Carregando…
der,Kontinent,Carregando…,Carregando…
der,Kontoauszug,statement of account,Declaração de conta
die,Kontonummer,account number,número de conta
die,Kontrolle,Carregando…,Carregando…
das,Konzert,Carregando…,Carregando…
der,Kopf,head,cabeça
die,Kopfschmerzen,headache,dor de cabeça
die,Kopfschmerztablette,Headache tablet,Tablet de dor de cabeça
die,Kopie,Copy,cópia de
der,Körperteil,body part,parte do corpo
das,Krankenhaus,hospital,hospital
die,Krankenkasse,Health insurance,Plano de saúde
die,Krankenschwester,nurse,enfermeira
der,Krankenwagen,ambulance,ambulância
die,Krankschreibung,Sick leave,Atestado médico
die,Krawatte,Carregando…,Carregando…
die,Kreuzung,Carregando…,Carregando…
der,Krimi,Thriller,Filme de ação
die,Küche,kitchen,cozinha
der,Kuchen,Carregando…,Carregando…
der,Kugelschreiber,pen,caneta
der,Kuli,pen,caneta
der,Kühlschrank,refrigerator,frigorífico
der,Kurs,course,curso
die,Kursgebühr,Course fee,Taxa do curso
die,Kursliste,Carregando…,Carregando…
der,Krsraum,Carregando…,Carregando…
der,Kurstermin,Course,Curso
die,Lage,location,localização
die,Lampe,lamp,luminária
das,Land,country,país
die,Landschaft,landscape,panorama
der,Laptop,Carregando…,Carregando…
die,Laune,mood,humor
das,Leben,Life,Vida
das,Lebensmittel,Food,Comida
die,Leute,people,pessoas
das,Licht,light,luz
die,Lieblingsfarbe,favourite colour,cor favorita
die,Linie,Carregando…,Carregando…
der,Liter,Carregando…,Carregando…
der,Lkw,truck,caminhão
das,Mädchen,Carregando…,Carregando…
der,Mai,May,Poderia
der,Mais,Corn,Milho
das,Mal,Times,Vezes
der,Mann,man,cara
der,Mantel,Carregando…,Carregando…
der,Markt,Carregando…,Carregando…
die,Marmelade,Carregando…,Carregando…
der,März,March,marchar
das,Medikament,drug,medicamento
das,Meer,sea,mar
das,Mehrfamilienhaus,Multi-family house,Casa multi-família
die,Meldestelle,Registration office,Escritório de Registro
der,Mensch,Carregando…,Carregando…
die,Metzgerei,Carregando…,Carregando…
die,Miete,Carregando…,Carregando…
das,Mietshaus,Carregando…,Carregando…
der,Mietvertrag,rental contract,Contrato de aluguel
die,Milkrowelle,Mildrowelle,Mildrowelle.
die,Milch,Carregando…,Carregando…
die,Minute,Carregando…,Carregando…
der,Mitgliedsbeitrag,Membership fee,Taxa de adesão
der,Mittag,Carregando…,Carregando…
das,Mittagessen,Having lunch,Almoçando
die,Mittagspause,lunch break,pausa para o almoço
die,Mitte,Carregando…,Carregando…
der,Mittwoch,Carregando…,Carregando…
der,Mitwochnachmittag,By-week afternoon,À semana à tarde
die,Möbel,Carregando…,Carregando…
der,Modeschmuck,Fashion jewelry,Jóias da moda
der,Moment,Carregando…,Carregando…
der,Monat,Carregando…,Carregando…
die,Monatskarte,Monthly,Por mês
der,Montag,Carregando…,Carregando…
der,Morgen,Carregando…,Carregando…
das,Motorrad,Carregando…,Carregando…
der,Müll,rubbish,bobagem
die,Müllabfuhr,Garbage,Lixo
die,Mülltonne,Carregando…,Carregando…
die,Multimedia-Abteilung,Multimedia department,Departamento de Multimídia.
der,Mund,mouth,boca
der,Museumsbesuch,Museum visit,Visita ao museu
die,Musik,Carregando…,Carregando…
das,Müsli,Carregando…,Carregando…
die,Mutter,Carregando…,Carregando…
die,Muttersprache,native language,língua nativa
das,Nachbarhaus,neighbour House,casa vizinha
der,Nachmittag,afternoon,tarde
der,Nachname,Carregando…,Carregando…
die,Nacht,Carregando…,Carregando…
der,Nachteil,Carregando…,Carregando…
der,Nachtisch,Carregando…,Carregando…
die,Nachtschicht,Night shift,Turno da noite
die,Nähe,vicinity,proximidade
der,Name,Surname,Sobrenome
die,Nase,nose,nariz
die,Nationalität,nationality,nacionalidade
die,Nebenkosten,extra costs,custos extras
der,Neffe,Carregando…,Carregando…
der,Neubau,Carregando…,Carregando…
die,Nichte,Carregando…,Carregando…
der,Norden,Carregando…,Carregando…
der,Nordwesten,Northwest,Noroeste
der,Notfall,Carregando…,Carregando…
der,Notruf,Carregando…,Carregando…
der,November,Carregando…,Carregando…
die,Nudeln,Carregando…,Carregando…
die,Nummer,Carregando…,Carregando…
das,Obergeschoss,Upper floor,Andar de cima
das,Obst,fruit,fruta
das,Ohr,ear,orelha
der,Oktober,Carregando…,Carregando…
die,Olive,Carregando…,Carregando…
der,Onkel,Carregando…,Carregando…
die,Operation,Carregando…,Carregando…
die,Orange,Carregando…,Carregando…
das,Original,Carregando…,Carregando…
der,Ort,location,localização
der,Osten,Carregando…,Carregando…
das,Päckchen,Carregando…,Carregando…
die,Packung,Carregando…,Carregando…
das,Paket,Carregando…,Carregando…
der,Paketdienst,delivery service,serviço de entrega
das,Papier,Carregando…,Carregando…
der,Park,park,Parque
der,Parkplatz,Carregando…,Carregando…
die,Parkzeit,Carregando…,Carregando…
die,Party,Carregando…,Carregando…
der,Pass,passport,Passaporte
die,Pause,Carregando…,Carregando…
die,Pension,Carregando…,Carregando…
die,Person,Carregando…,Carregando…
das,Pfund,Carregando…,Carregando…
das,Picknick,Carregando…,Carregando…
die,Pizza,Carregando…,Carregando…
das,Plakat,Carregando…,Carregando…
der,Platz,Carregando…,Carregando…
das,Playmobil,Carregando…,Carregando…
die,Post,post,publicar
die,Postkarte,Carregando…,Carregando…
die,Postleitzahl,Postal code,Código postal
die,Praxis,Carregando…,Carregando…
das,Problem,Carregando…,Carregando…
der,Pudding,Carregando…,Carregando…
der,Pullover,Carregando…,Carregando…
der,Quadratmeter,square meters,metros quadrados
das,Radio,Carregando…,Carregando…
der,Radiowecker,Clock radio,Rádio relógio
die,Radtour,Carregando…,Carregando…
das,Regal,Carregando…,Carregando…
die,Regel,Carregando…,Carregando…
der,Regen,Carregando…,Carregando…
das,Reinhenhaus,Cleanhouse,CleanHouse
die,Reinigungskraft,cleaning person,Pessoa de limpeza
der,Reis,rice,arroz
die,Reise,Carregando…,Carregando…
das,Reiseangebote,Travel deals,Ofertas de viagens
das,Reisebüro,Carregando…,Carregando…
die,Reservierung,reservation,reserva
der,Rest,rest,descanso
das,Restaurant,restaurant,restaurante
das,Rezept,Carregando…,Carregando…
die,Richtung,Carregando…,Carregando…
der,Ring,ring,anel
der,Rock,skirt,saia
die,Rolltreppe,Escalator,Escada rolante
der,Rücken,Carregando…,Carregando…
die,Rückenschmerzen,Back pain,Dor nas costas
die,Rückfrage,Carregando…,Carregando…
die,Rutsche,Carregando…,Carregando…
die,Sache,Carregando…,Carregando…
die,Sachertorte,Sachertorte,SACHERTORTE.
der,Saft,juice,suco
die,Sahne,Carregando…,Carregando…
die,Salami,Carregando…,Carregando…
der,Salat,Carregando…,Carregando…
das,Salz,salt,sal
der,Samstag,Carregando…,Carregando…
der,Samstagabend,Saturday night,sábado à noite
der,Sandkasten,Sandbox,Caixa de areia
die,S-Bahn,Carregando…,Carregando…
das,Schach,Carregando…,Carregando…
das,Schachspiel,Chess game,Jogo de xadrez
der,Scharlach,Carregando…,Carregando…
die,Schaukel,Carregando…,Carregando…
die,Scheibe,Carregando…,Carregando…
der,Schnichtdienst,News,Notícia
das,Schiff,Carregando…,Carregando…
der,Schinken,Carregando…,Carregando…
das,Schlafzimmer,bedroom,quarto
das,Schloss,Carregando…,Carregando…
der,Schlüssel,Carregando…,Carregando…
der,Schnee,Carregando…,Carregando…
der,Schnupfen,Carregando…,Carregando…
die,Schokolade,chocolate,chocolate
der,Schrank,Carregando…,Carregando…
der,Schuh,Carregando…,Carregando…
die,Schule,Carregando…,Carregando…
die,Schwester,Carregando…,Carregando…
das,Schwimmbad,swimming pool,piscina
der,Secondhandladen,thrift shop,brechós
der,See,lake,Lago
die,Sehenswürdigkeit,Sightseeing,Passeio turístico
die,Seite,Carregando…,Carregando…
der,September,Carregando…,Carregando…
der,Sessel,Carregando…,Carregando…
die,Situation,Carregando…,Carregando…
das,Smartphone,Smartphone,Smartphone
die,Socke,Carregando…,Carregando…
das,Sofa,sofa,sofá
der,Sohn,son,filho
der,Sommer,Carregando…,Carregando…
der,Sommerschlussverkauf,Summer sale,Liquidação de verão
das,Sonderangebot,special offer,oferta especial
die,Sonne,Carregando…,Carregando…
der,Sonnenschein,sunshine,brilho do sol
die,Sonnenstunde,Sundial,Sundial
der,Sonntag,Carregando…,Carregando…
der,Sonntagnachmittag,Sunday afternoon,tarde de domingo
die,Spaghetti,Carregando…,Carregando…
der,Spaß,fun,Diversão
die,Spezialität,specialty,especialidade
der,Spielplatz,playground,Parque infantil
der,Sport,Carregando…,Carregando…
der,Sportschuh,Sports shoe,Sapato esportivo
die,Sportwaren,Sports goods,Bens esportivos
die,Sprache,Carregando…,Carregando…
das,Sprachproblem,Language problem,Problema de linguagem
die,Sprachschule,language school,escola de idiomas
die,Sprechzeiten,Office hours,Horário de expediente
das,Sprechzimmer,Speech,Fala
die,Spüle,Carregando…,Carregando…
die,Spülmaschine,dishwasher,lava-louças
die,Staatsangehörigkeit,nationality,nacionalidade
die,Stadt,Carregando…,Carregando…
der,Stadtbummel,Stroll,Passeio
die,Städtetour,City tour,Tour da cidade
die,Stadtmitte,Town center,Centro da Cidade
die,Stadtreinigung,City cleaning,Limpeza da cidade
die,Stadtrundfahrt,sightseeing tour,passeio turístico
das,Standesamt,Registry office,Cartório
die,Station,Carregando…,Carregando…
die,Stelle,Carregando…,Carregando…
der,Stift,Carregando…,Carregando…
der,Stock,Carregando…,Carregando…
der,Strand,Carregando…,Carregando…
die,Straße,Carregando…,Carregando…
die,Straßenbahn,tram,eléctrico
das,Straßenfest,Street party,festa de rua
das,Stück,Carregando…,Carregando…
der,Stuhl,Carregando…,Carregando…
die,Stunde,Carregando…,Carregando…
der,Süden,Carregando…,Carregando…
der,Supermarkt,Supermarket,Supermercado
die,Suppe,Carregando…,Carregando…
das,Sweatshirt,sweatshirt,suéter
das,Tablet,Carregando…,Carregando…
die,Tablette,Carregando…,Carregando…
die,Tafel,Carregando…,Carregando…
der,Tag,Day,Dia
die,Tankstelle,Gas station,Posto de gasolina
die,Tante,Carregando…,Carregando…
die,Tanzparty,Carregando…,Carregando…
die,Tasche,Carregando…,Carregando…
die,Tasse,Carregando…,Carregando…
das,Taxiunternehmen,Taxi company,Empresa de táxi.
das,Team,team,equipe
der,Tee,tea,chá
die,Telefonnummer,Phone number,Número de telefone
die,Temperatur,temperature,temperatura
der,Teppich,Carregando…,Carregando…
der,Termin,Carregando…,Carregando…
die,Terrasse,Carregando…,Carregando…
der,Text,text,texto
das,Tier,animal,animal
der,Tipp,tip,gorjeta
der,Tisch,Carregando…,Carregando…
die,Tochter,Carregando…,Carregando…
die,Toilette,Carregando…,Carregando…
die,Tomate,Carregando…,Carregando…
die,Tonne,Carregando…,Carregando…
der,Traktor,Carregando…,Carregando…
der,Treffpunkt,meeting point,ponto de encontro
die,Treppe,Carregando…,Carregando…
das,Treppenhaus,Staircase,Escadaria
das,T-Shirt,Carregando…,Carregando…
die,Tür,door,porta
die,Tüte,bag,Bolsa
die,U-Bahn,Carregando…,Carregando…
die,U-Bahn-Station,Metro station,estação de metrô
die,Übernachtung,overnight stay,pernoite
die,Überweisung,transfer,transferir
das,Überweisungsformular,Remittance form,Forma de remessa
die,Uhr,clock,relógio
die,Umkleidekabine,changing room,vestiário
der,Umzug,Carregando…,Carregando…
der,Umzugskarton,Moving box,Caixa em movimento
der,Unfall,Carregando…,Carregando…
der,Unterricht,classes,Aulas
der,Unterschied,difference,diferença
die,Unterschrift,signature,assinatura
die,Unterwäsche,underwear,roupa de baixo
der,Urlaub,Carregando…,Carregando…
der,USB-Stick,Carregando…,Carregando…
der,Vater,Carregando…,Carregando…
die,Vereinbarung,agreement,acordo
der,Verkehr,Carregando…,Carregando…
das,Verkehrsmittel,means of transport,meios de transporte
die,Verpackung,packaging,embalagem
die,Verspätung,late arrival,chegada atrasada
das,Viertel,Carregando…,Carregando…
das,Visum,Carregando…,Carregando…
das,Vitamin,Carregando…,Carregando…
die,Volkshochschule,Community College,Faculdade Comunitária
die,Vorfahrt,Carregando…,Carregando…
das,Vorfahrtsschild,Plot,Enredo
der,Vorhang,Carregando…,Carregando…
der,Vormittag,Carregando…,Carregando…
der,Vorname,Carregando…,Carregando…
der,Vorteil,Carregando…,Carregando…
die,Vorwahl,Carregando…,Carregando…
der,Wald,Forest,floresta
der,Walzer,Carregando…,Carregando…
die,Wand,Wall,muro
die,Wandertour,hiking tour,Excursão para caminhadas
die,Warmmiete,Carregando…,Carregando…
die,Wartenummer,Wait number,Número de espera
der,Warteraum,Carregando…,Carregando…
das,Waschbecken,sink,Pia
die,Waschmaschine,Washing machine,Máquina de lavar
das,Wasser,Carregando…,Carregando…
das,Wasserlabyrinth,Water labyrinth,Labirinto de água
der,Wasserweg,Carregando…,Carregando…
der,Weg,path,caminho
der,Wein,Wine,Vinho
das,Weißbrot,Carregando…,Carregando…
die,Werkstatt,Carregando…,Carregando…
der,Westen,Carregando…,Carregando…
das,Wetter,Carregando…,Carregando…
die,Wetterkarte,Weather,Clima
die,Wiese,Carregando…,Carregando…
der,Wind,wind,vento
der,Winter,Carregando…,Carregando…
die,Winterjacke,winter jacket,jaqueta de inverno
der,Winterschlussverkauf,Winter sale,Venda de Inverno
die,Woche,Carregando…,Carregando…
das,Wochenende,weekend,final de semana
der,Wohnort,Carregando…,Carregando…
die,Wohnung,Carregando…,Carregando…
das,Wohnzimmer,living room,sala de estar
die,Wolke,Carregando…,Carregando…
das,Wörterbuch,dictionary,dicionário
der,Wunsch,Carregando…,Carregando…
die,Wurst,Carregando…,Carregando…
die,Wurstplatte,Sausage plate,Placa de salsicha
die,Zahl,number,número
der,Zahnarzttermin,Dentist appointment,Horário com dentista
die,Zahnbehandlung,Dental treatment,Tratamento dentário
die,Zahnbürste,toothbrush,escova de dente
die,Zahnkontrolle,Tooth control,Controle de dentes
die,Zahnpasta,Carregando…,Carregando…
die,Zahnschmerzen,Toothache,Dor de dente
die,Zeit,Time,Tempo
die,Zeitung,Carregando…,Carregando…
die,Zentralheizung,Central heating,Aquecimento central
das,Zimmer,Carregando…,Carregando…
der,Zoo,zoo,jardim zoológico
der,Zucker,Carregando…,Carregando…
der,Zug,train,Comboio
die,Zwiebel,Carregando…,Carregando…
das,Kostüm,,
das,Fest,,
die,Ferien,,
die,Feier,,
der,Feiertag,,